pta_id,agreement_name,year,total_words,n_articles,n_chapters,hard_p1k_mean,soft_p1k_mean,enf_p1k_mean,oblig_ratio,total_words_norm,n_articles_norm,hard_p1k_mean_norm,enf_p1k_mean_norm,CCI_pilot
1,Japan - Thailand,2007,29808.0,175.0,17.0,17.746913580246915,8.68894256575416,8.923778851315083,1.9213707192119025,0.201127520492512,0.3431952662721894,0.5512871027055424,0.28939087124693896,0.3462501901792957
2,Egypt - Turkey,2005,3912.0,40.0,8.0,24.028629856850717,9.969325153374234,5.879345603271983,1.5897196659850032,0.02199702555943693,0.07692307692307693,0.7464212678936605,0.19066238359795326,0.2590009384935319
3,Chile - Japan,2007,31380.0,201.0,21.0,15.997450605481198,8.349267049075845,12.938177182919057,1.4497434533811207,0.2120015218067997,0.39447731755424065,0.49694208263835205,0.41957453559715197,0.380748864399136
4,Central European Free Trade Agreement (CEFTA) 2006,2006,789.0,6.0,3.0,13.94169835234474,3.8022813688212933,0.0,1.1630756231516688,0.00039428630719745474,0.009861932938856018,0.4330825445621983,0.0,0.11083469095206294
5,EFTA - Egypt,2007,5483.0,52.0,11.0,20.609155571767282,10.031004924311508,9.30147729345249,1.4865979694814273,0.032864109570089575,0.10059171597633138,0.6401993007400049,0.30163932373101726,0.26882361250436076
6,Southern African Customs Union (SACU),2002,4934.0,53.0,11.0,27.969193352249697,5.674908796108634,6.688285366842319,3.0197608431293066,0.029066509874450936,0.10256410256410257,0.8688302615805225,0.21689564048008828,0.30433912862479107
7,Chile - China,2005,17784.0,123.0,16.0,17.094017094017094,9.784075573549257,12.370670265407108,1.7475205999328807,0.11795386158475425,0.2406311637080868,0.5310056373886161,0.4011707490361207,0.32269035292939446
8,Trans-Pacific Strategic Economic Partnership,2005,31101.0,198.0,22.0,15.88373364200508,9.806758625124594,9.163692485772161,1.4569741141145598,0.2100715940926227,0.388560157790927,0.49340959824100883,0.2971710747746543,0.3473031062248032
9,India - Singapore,2005,31530.0,167.0,18.0,16.365366317792578,7.453219156359023,9.197589597209006,2.0266943425007176,0.21303911735205616,0.32741617357001973,0.5083709537016418,0.29827033045712986,0.3367741437702119
10,Panama - Singapore,2006,36915.0,199.0,20.0,16.30773398347555,7.693349586888798,10.537721793308952,1.9127771005463,0.250288797426763,0.3905325443786982,0.5065806726781766,0.3417297247649891,0.37228293481215674
11,EU - Albania,2006,17284.0,137.0,20.0,23.200647998148575,6.017125665355242,3.41356167553807,2.635394694790668,0.11449520976723272,0.2682445759368836,0.7207009803680196,0.11069902154663373,0.3035349469046924
12,Turkey - Syria,2004,6086.0,51.0,7.0,21.031876437725927,9.85869208018403,4.600722970752547,1.394429838974696,0.037035243662020545,0.09861932938856016,0.6533306297676564,0.1491976942789968,0.23454572427430848
13,EFTA - Lebanon,2004,5699.0,43.0,11.0,21.407264432356556,9.650815932619757,10.52816283558519,1.4949757267356847,0.034358247155258884,0.08284023668639054,0.6649916185370334,0.3414197355608657,0.2809024594848871
14,Pan-Arab Free Trade Area (PAFTA),1997,2622.0,27.0,8.0,22.120518688024408,8.009153318077804,4.195270785659802,1.5183066361556063,0.013073703870231383,0.05128205128205128,0.6871480273301198,0.1360492105426844,0.2218882482562717
15,Gulf Cooperation Council (GCC),2001,2841.0,35.0,11.0,21.823301654347063,4.575853572685674,2.4639211545230553,1.3526927138331573,0.014588593366305812,0.06706114398422092,0.6779153279861002,0.07990295383509102,0.2098670047929295
16,EU - Algeria,2002,13456.0,109.0,17.0,20.882877526753866,5.945303210463734,2.749702734839477,2.230374306381292,0.0880157714522879,0.21301775147928995,0.648702152958737,0.08917061744397893,0.25972657333357346
17,US - Bahrain,2005,48180.0,195.0,23.0,15.400581154005812,8.821087588210876,7.762557077625571,1.953458253649494,0.3282122228755231,0.3826429980276134,0.4784010315925209,0.251733396045231,0.3602474121352221
19,"EFTA - Korea, Republic of",2005,11163.0,90.0,12.0,23.55997491713697,6.9873689868314965,20.872525306817163,2.7057157771011573,0.07215439421713415,0.1755424063116371,0.7318630506174462,0.676878975185882,0.4141097065830248
20,Japan - Malaysia,2005,27982.0,161.0,16.0,17.368308198127366,9.470373811736117,10.256593524408549,1.6517596215044574,0.1884965240549234,0.3155818540433925,0.53952616955885,0.33261296425077685,0.34405437797698574
21,Jordan - Singapore,2004,11861.0,73.0,10.0,18.12663350476351,7.840822864851193,7.250653401905404,1.8135387685130537,0.07698267215439421,0.14201183431952663,0.5630826578075473,0.23513277727380788,0.254302485388819
23,Dominican Republic - Central America - United States Free Trade Agreement (CAFTA-DR),2004,76892.0,279.0,24.0,15.606304947198668,9.311761951828538,11.015450241897726,1.6769262318982263,0.5268218448448795,0.5483234714003945,0.4847916004874479,0.35722206878875207,0.4792897463803685
24,"Korea, Republic of - Singapore",2005,39653.0,215.0,24.0,16.669608856833026,7.666506947771921,9.028320681915618,1.8121676375894216,0.26922837477951095,0.42209072978303747,0.5178218921484301,0.29278107756461125,0.3754805185688974
25,Turkey - Morocco,2004,4459.0,39.0,6.0,23.996411751513794,9.419152276295133,9.194886745907153,1.5499150994777817,0.025780790647805484,0.07495069033530573,0.7454204501534071,0.2981826791934526,0.28608365258249274
26,US - Morocco,2004,58828.0,229.0,24.0,15.264839872169714,8.99231658393962,11.04916026381995,1.7458005380917807,0.4018676719814616,0.44970414201183434,0.4741843875184634,0.3583152573108307,0.4210178647056475
27,Thailand - New Zealand,2005,23023.0,152.0,20.0,18.372931416409678,8.46979107848673,12.856708508882422,1.8401002564882163,0.15419361532874484,0.2978303747534517,0.5707336142118751,0.41693257293182656,0.3599225443064745
29,EU - Chile,2002,32604.0,204.0,26.0,16.593056066740278,8.097165991902834,8.31186357502147,1.743500067184278,0.22046830145609242,0.40039447731755423,0.5154438693072512,0.26954695782344307,0.35146340147608524
30,Turkey - Palestinian Authority,2004,5627.0,54.0,7.0,18.660031988626265,10.662875422072153,3.9097209880931225,1.0090190154611693,0.033860201293535785,0.10453648915187377,0.5796520575190286,0.12678906345936325,0.21120945285595036
31,Turkey - Tunisia,2004,5196.0,54.0,8.0,20.977675134719014,8.468052347959969,5.003849114703618,1.3482486528098536,0.030878843426832222,0.10453648915187377,0.6516469297168034,0.1622707463978564,0.23733325217334145
32,Economic Community of West African States (ECOWAS),1993,12224.0,95.0,24.0,17.5065445026178,8.507853403141361,2.945026178010471,1.5809998710931301,0.07949365337391484,0.1854043392504931,0.5438203185919571,0.09550479742938679,0.22605577716143796
33,EFTA - Tunisia,2004,5708.0,48.0,12.0,20.8479327259986,9.110021023125437,9.4604064470918,1.4883818033169822,0.03442050288797427,0.09270216962524656,0.6476166336161266,0.30679326658465944,0.27038314317850176
34,Japan - Mexico,2004,31018.0,179.0,20.0,18.118511831839577,10.671223160745374,11.960796956605842,1.5088177643814693,0.20949745789091412,0.3510848126232742,0.5628303675422506,0.38787889186314917,0.37782288247989704
36,Thailand - Australia,2004,25957.0,164.0,21.0,18.569172092306506,8.437030473475364,10.825596178294873,1.90335237205253,0.1744889841939612,0.32149901380670615,0.5768296011652658,0.3510652563227299,0.3559707138721658
37,US - Australia,2004,60601.0,248.0,25.0,15.181267635847593,8.811735779937624,7.970165508819987,1.6124067391817851,0.41413205132639297,0.48717948717948717,0.47158831379441457,0.258465968174437,0.4078414551186829
38,ASEAN - China,2004,3053.0,25.0,3.0,20.30789387487717,4.585653455617425,2.6203734032099573,2.6887869854787643,0.016055061736934943,0.047337278106508875,0.6308409586663971,0.08497657268092033,0.1948024677976903
39,EFTA - Chile,2003,15954.0,110.0,14.0,20.747148050645606,8.96326939952363,15.293970164222138,1.9959286357368344,0.10529519593262546,0.21499013806706113,0.6444858756157996,0.49597098094790765,0.3651855476408485
40,EU - Egypt,2001,9401.0,93.0,15.0,23.295394107009894,7.552388043825125,3.616636528028933,2.003488990532922,0.059966105212188286,0.1814595660749507,0.7236441573666903,0.11728457341539322,0.2705886005173056
41,Southern African Development Community (SADC),1996,3778.0,41.0,10.0,20.910534674430917,8.99947061937533,3.440974060349391,1.4762749250044116,0.021070106872341163,0.07889546351084814,0.6495612898865774,0.11158798283261803,0.21527871077559618
42,Armenia - Turkmenistan,1995,1619.0,19.0,3.0,19.765287214329835,7.4119827053736875,7.4119827053736875,1.4042618900555899,0.0061356483242831945,0.03550295857988166,0.6139855177217353,0.24036455502919996,0.22399716991377502
43,Armenia - Russian Federation,1992,2049.0,23.0,3.0,16.593460224499754,6.34455832113226,7.320644216691069,1.8667642752562226,0.00911008888735171,0.04339250493096647,0.5154564239950987,0.23740252232325204,0.20134038503416724
44,Armenia - Moldova,1993,1752.0,21.0,3.0,18.264840182648403,6.8493150684931505,6.8493150684931505,1.6035007610350076,0.007055649707743921,0.03944773175542406,0.5673758865248226,0.22211770239285086,0.20899924259521038
45,Armenia - Kazakhstan,1999,1911.0,20.0,3.0,17.791732077446362,4.7095761381475665,7.326007326007326,1.7124542124542124,0.008155500985715767,0.03747534516765286,0.5526793368738656,0.2375764435850273,0.20897165665306539
46,Armenia - Ukraine,1994,1289.0,15.0,3.0,20.17067494181536,6.982156710628394,5.430566330488751,1.1620118955262477,0.0038529381247189853,0.027613412228796846,0.6265784130861792,0.17610883773893993,0.20853840029465875
47,"Korea, Republic of - Chile",2003,37259.0,217.0,23.0,15.539869561716632,8.427494028288468,11.997101371480715,1.5650313134920881,0.25266834987721787,0.4260355029585799,0.4827278629809847,0.3890562144330828,0.3876219825624664
48,Central European Free Trade Agreement (CEFTA) - Accession of Croatia,2002,1241.0,11.0,3.0,16.116035455278002,0.8058017727639001,0.0,2.6390008058017727,0.003520907550236917,0.01972386587771203,0.5006257822277846,0.0,0.1309676389139334
50,"China - Macao, China",2003,1703.0,25.0,8.0,12.918379330593071,10.569583088667057,1.7615971814445097,0.5405656684282639,0.006716701829626812,0.047337278106508875,0.40129433665246556,0.057127160098689775,0.12811886917182275
51,"China - Hong Kong, China",2003,2823.0,23.0,7.0,10.272759475735034,8.147360963513993,1.0626992561105206,0.8014641634195301,0.014464081900875038,0.04339250493096647,0.3191112517994287,0.034462470296871654,0.10285757723203547
52,US - Singapore,2003,57899.0,222.0,23.0,16.20062522668785,8.031226791481718,12.090018825886457,1.9710020260774594,0.39544149690450664,0.4358974358974359,0.5032534644886013,0.392069451709863,0.4316654622501017
53,US - Chile,2003,37875.0,162.0,14.0,13.914191419141915,8.475247524752476,10.71947194719472,1.4021552100264971,0.25692940891640437,0.3175542406311637,0.43222807387121687,0.3476237340472245,0.3385838643665024
54,Singapore - Australia,2003,30303.0,198.0,19.0,17.556017556017554,6.897006897006897,8.25000825000825,1.9573855252426682,0.20455158579185834,0.388560157790927,0.5453571411018219,0.26754104007322893,0.35150248118945904
55,Turkey - Bosnia and Herzegovina,2002,4745.0,37.0,4.0,22.339304531085354,9.69441517386723,4.004214963119073,1.7494731296101158,0.027759139487427798,0.07100591715976332,0.6939443535188216,0.12985342601428204,0.2306407090450737
56,Turkey - Croatia,2002,3831.0,39.0,6.0,22.709475332811277,9.919081179848604,4.176455233620465,1.3109066388236315,0.021436723964998444,0.07495069033530573,0.7054432762958396,0.13543903753320274,0.23431743203233663
57,EU - Lebanon,2002,4701.0,44.0,10.0,24.250159540523292,7.657945118059987,5.105296745373325,1.6737750833156064,0.027454778127485906,0.08481262327416174,0.7533028282800852,0.16556061033493927,0.257782710004168
58,EFTA - Singapore,2002,12763.0,75.0,12.0,18.726004857792056,7.756796991302985,17.237326647339966,2.1352747711950095,0.08322208003320306,0.14595660749506903,0.5817014274973702,0.5589924469841236,0.34246814050244145
59,Canada - Costa Rica,2001,28401.0,116.0,16.0,13.90796098728918,8.450406675821274,13.872750959473258,1.427410355333668,0.19139487427800642,0.22682445759368836,0.43203453279664256,0.449882001072017,0.3250339664350886
60,EU - Croatia,2001,17553.0,130.0,18.0,17.660798723864865,6.095824075656583,2.335783057027289,2.231178589288314,0.11635596444505932,0.25443786982248523,0.5486120454647383,0.07574753982359742,0.24878835488897005
61,EU - Jordan,1997,12489.0,102.0,16.0,20.017615501641444,6.886059732564657,2.08183201217071,1.8715455314962883,0.08132673883720125,0.1992110453648915,0.6218238006892873,0.06751211452344158,0.2424684248537054
62,Japan - Singapore,2002,22355.0,155.0,24.0,19.950794005815254,7.82822634757325,14.135540147617982,2.153881071586283,0.1495728565005361,0.3037475345167653,0.6197480691168142,0.4584040401519377,0.38286812507151335
63,US - Jordan,2000,8508.0,21.0,3.0,18.923366243535497,7.992477668077104,9.402914903620122,2.7325850180222533,0.05378895306609484,0.03944773175542406,0.5878322279906771,0.304928862711389,0.24649944388089629
64,India - Sri Lanka,1998,1978.0,19.0,3.0,23.25581395348837,11.122345803842265,7.583417593528817,1.9181580721267273,0.008618960329263653,0.03550295857988166,0.722414646214745,0.2459240486553809,0.25311515344481783
65,EU - Mexico,1997,7776.0,48.0,13.0,17.232510288065843,10.2880658436214,14.146090534979423,1.4998686434450323,0.048725486805243315,0.09270216962524656,0.5353077663952368,0.45874618061074907,0.28387040085911897
66,EFTA - Jordan,2001,5646.0,43.0,3.0,19.83705278072972,11.512575274530642,7.438894792773645,1.427821290175169,0.0339916300626016,0.08284023668639054,0.6162148310609658,0.2412372920781016,0.24357099747201488
67,EFTA - Croatia,2001,5233.0,42.0,3.0,22.358111981654883,9.745843684311103,9.745843684311103,1.5971447225937958,0.031134783661328814,0.08086785009861934,0.6945285849620453,0.3160497634277026,0.280645245537424
68,EU - Former Yugoslav Republic of Macedonia,2001,6319.0,51.0,7.0,21.83889855989872,6.804874188953948,3.32331065041937,2.740538110058604,0.03864697540898558,0.09861932938856016,0.6783998276053644,0.10777225439729084,0.23085959670005027
69,New Zealand - Singapore,2000,16210.0,86.0,13.0,18.38371375694016,7.711289327575571,9.623689080814312,2.0526341764342995,0.10706602566319648,0.16765285996055226,0.5710685550028219,0.3120883892473517,0.28946895746848056
70,EFTA - Mexico,2000,14571.0,81.0,10.0,19.28488092787043,11.255232997048934,14.823965410747375,1.6587502425056473,0.09572856500536091,0.15779092702169625,0.599062258610443,0.4807291100583999,0.333327715173975
72,Israel - Mexico,2000,28008.0,112.0,14.0,17.245072836332476,9.033133390459868,9.604398743216224,1.7695137790429893,0.1886763739494345,0.21893491124260356,0.5356980072562854,0.3114628193293639,0.31369302794442183
73,Georgia - Armenia,1995,1599.0,23.0,3.0,1.2507817385866167,10.006253908692933,3.1269543464665417,0.04982280592036689,0.005997302251582333,0.04339250493096647,0.03885407102843532,0.10140457957897507,0.0474121144474898
74,Georgia - Azerbaijan,1996,1651.0,20.0,3.0,0.0,7.874015748031496,4.239854633555421,0.0,0.006357002040604572,0.03747534516765286,0.0,0.13749502837401187,0.045331843895567325
75,Georgia - Kazakhstan,1997,1985.0,18.0,3.0,1.0075566750629723,8.060453400503778,2.5188916876574305,0.027808564231738036,0.008667381454708955,0.03353057199211045,0.03129856905514765,0.08168560339888217,0.03879553147521231
76,Georgia - Russian Federation,1994,1824.0,24.0,3.0,1.0964912280701755,9.868421052631579,3.837719298245614,0.03673245614035088,0.007553695569467021,0.045364891518737675,0.03406121687196715,0.12445410737143288,0.05285847783290118
77,Georgia - Turkmenistan,1996,1655.0,17.0,3.0,0.0,6.646525679758308,4.229607250755287,0.0,0.006384671255144745,0.03155818540433925,0.0,0.13716271410603842,0.0437763926913806
78,Georgia - Ukraine,1995,1507.0,15.0,3.0,0.0,5.972130059721301,3.9814200398142003,0.0,0.0053609103171583725,0.027613412228796846,0.0,0.12911420523963993,0.04052213194639879
79,EFTA - Former Yugoslav Republic of Macedonia,2000,5704.0,43.0,3.0,20.511921458625526,10.168302945301543,7.187938288920056,1.4719202898550725,0.0343928336734341,0.08284023668639054,0.6371788367998567,0.2330989773007723,0.2468777211151134
80,Turkey - Former Yugoslav Republic of Macedonia,1999,3868.0,37.0,6.0,21.458117890382628,9.824198552223372,3.8779731127197516,1.2262150982419855,0.021692664199495035,0.07100591715976332,0.6665713217012476,0.12575950574983025,0.22125735220258402
81,Kyrgyz Republic - Armenia,1994,1750.0,21.0,3.0,13.714285714285714,4.571428571428571,3.4285714285714284,1.3832380952380952,0.007041815100473836,0.03944773175542406,0.4260182370820668,0.11118577559779277,0.14592338988393938
82,EU - South Africa,1999,16446.0,111.0,17.0,19.214398637966678,8.451903198346102,3.405083302930804,5.113884400896441,0.10869850932106664,0.21696252465483234,0.5968728087538584,0.11042407483667449,0.25823947939160796
83,EU - Morocco,1996,10102.0,97.0,16.0,22.965749356563055,7.028311225499901,2.7717283706196794,1.88386697746478,0.06481513506035347,0.1893491124260355,0.7134041289485544,0.08988489085151202,0.26436331682161385
84,EU - Israel,1995,7204.0,83.0,17.0,23.59800111049417,9.855635757912271,3.053858967240422,1.4326947991856376,0.04476878912599869,0.16173570019723865,0.7330442898153507,0.09903415603634605,0.25964573379373357
85,East African Community (EAC),1999,25894.0,157.0,31.0,16.9537344558585,9.65474627326794,2.2399011353981617,1.3786690376382968,0.17405319406495348,0.3076923076923077,0.5266479213947532,0.07263816729213954,0.27025789761103847
87,EFTA - Morocco,1997,5720.0,44.0,3.0,19.055944055944057,9.265734265734265,5.769230769230769,1.4049388111888113,0.03450351053159478,0.08481262327416174,0.5919506025889004,0.187091449323209,0.2245895464294665
89,Melanesian Spearhead Group (MSG),1993,3120.0,22.0,2.0,16.346153846153847,9.935897435897436,4.487179487179487,1.5078792735042736,0.016518521080482827,0.04142011834319526,0.5077741407528641,0.14551557169582924,0.17780708796809286
90,Commonwealth of Independent States (CIS),1994,2740.0,27.0,3.0,12.408759124087592,4.014598540145985,5.839416058394161,1.2449513381995134,0.013889945699166465,0.05128205128205128,0.3854635813014443,0.18936750101813854,0.16000076982520015
91,Kyrgyz Republic - Kazakhstan,1995,1699.0,19.0,3.0,24.72042377869335,3.531489111241907,7.062978222483814,2.0134392780066706,0.006689032615086639,0.03550295857988166,0.7679110365296231,0.2290466242450116,0.25978741299240077
92,EFTA - Palestinian Authority,1998,5412.0,42.0,3.0,18.29268292682927,10.532150776053214,5.358462675535846,1.185641255763207,0.03237298101200152,0.08086785009861934,0.5682407887908666,0.1737705750057891,0.21381304872681914
93,Kyrgyz Republic - Moldova,1995,1880.0,20.0,3.0,21.80851063829787,5.851063829787234,5.319148936170213,1.7591312056737587,0.007941064573029432,0.03747534516765286,0.6774558623811678,0.17249566249657566,0.22384198365460645
94,Kyrgyz Republic - Russian Federation,1992,2140.0,24.0,3.0,14.485981308411215,6.074766355140187,4.672897196261682,1.4652258566978191,0.009739563518140629,0.045364891518737675,0.44999005766553984,0.15153824555773937,0.16415818956503936
95,Kyrgyz Republic - Ukraine,1995,1517.0,16.0,3.0,23.071852340145025,5.273566249176005,3.955174686882004,1.8239947264337508,0.005430083353508803,0.02958579881656805,0.7167000939704624,0.12826308984583873,0.2199947664965945
96,Kyrgyz Republic - Uzbekistan,1996,1972.0,21.0,3.0,23.32657200811359,4.056795131845842,6.085192697768763,2.117393509127789,0.008577456507453394,0.03944773175542406,0.7246126623796987,0.1973378370143381,0.24249392191422858
97,Eurasian Economic Community (EAEC),1996,5802.0,70.0,8.0,22.4060668734919,3.274732850741124,1.3788348845225784,1.8840572216477076,0.03507072942966831,0.13609467455621302,0.6960182475595355,0.044714490933272975,0.22797453561967243
98,EU - Tunisia,1995,10103.0,97.0,16.0,23.062456696030882,6.829654558052064,2.771454023557359,2.1067947757148984,0.06482205236398851,0.1893491124260355,0.7164082292809593,0.08987599399999746,0.2651138470177452
99,Turkey - Israel,1996,4363.0,38.0,7.0,24.753609901443962,8.93880357552143,4.8132019252807705,3.07021544808618,0.02511672949884135,0.07297830374753453,0.7689419245980464,0.1560882135082468,0.2557812928381673
100,EU - Andorra,1991,2547.0,26.0,5.0,25.91283863368669,5.496662740478995,2.3557126030624262,2.7971282741600763,0.012554906097603156,0.04930966469428008,0.8049520086209055,0.07639383874995577,0.23580260454068613
101,Canada - Chile,1996,39789.0,179.0,18.0,12.516022016135112,7.61517002186534,11.68664706325869,1.407413630711527,0.2701691280738768,0.3510848126232742,0.38879557752249494,0.37898843437760804,0.34725948814931346
102,EU - Palestinian Authority,1997,7493.0,76.0,11.0,18.417189376751637,10.142799946616842,2.802615774723075,0.9847981925988064,0.046767889876526136,0.14792899408284024,0.5721084359586678,0.09088654417943157,0.21442296602436642
103,EU - Faroe Islands,1996,4197.0,42.0,3.0,16.202049082678105,13.34286395044079,1.6678579938050988,1.0571042808355176,0.023968457095424202,0.08086785009861934,0.5032976949087241,0.054087274683224586,0.16555531919649807
104,Canada - Israel,1996,14202.0,74.0,13.0,12.744683847345444,8.167863681171665,7.745387973524855,1.1120759961064144,0.09317607996403002,0.14398422090729782,0.3958986897260499,0.2511766159998018,0.2210589016492949
105,European Economic Area (EEA),1992,15069.0,131.0,29.0,19.642975645364658,6.105249187072799,4.180768465060721,2.198021956144592,0.09917338221561235,0.2564102564102564,0.6101860519623914,0.13557891211158288,0.27533715067496073
106,Faroe Islands - Norway,1992,2963.0,30.0,2.0,18.89976375295309,12.82483968950388,6.41241984475194,1.082765215434807,0.015432504409781066,0.05719921104536489,0.5870990442406704,0.20794954655341488,0.21692007656230783
107,Faroe Islands - Switzerland,1994,1018.0,13.0,2.0,14.734774066797643,10.805500982318271,0.9823182711198428,0.762278978388998,0.001978348839622315,0.02366863905325444,0.4577185135643523,0.03185578050034993,0.12880532048939475
108,Faeroe Islands - Iceland,1992,3063.0,30.0,2.0,18.93568396996409,13.05909239307868,6.203068886712374,1.0881706388072696,0.016124234773285374,0.05719921104536489,0.5882148637478206,0.20116046569956525,0.21567469381650903
109,EU - Turkey,1995,8989.0,67.0,8.0,19.24574479919902,6.6748247858493714,4.004894871509623,2.534695183001446,0.057116176114550554,0.1301775147928994,0.5978465405708632,0.12987547488895584,0.22875392659181726
110,EC Treaty,1957,12025.0,57.0,9.0,31.26819126819127,6.237006237006237,1.1642411642411643,4.247349965349966,0.07811710995054127,0.11045364891518739,0.9713097713097713,0.03775539157513407,0.2994089804376585
111,Common Market for Eastern and Southern Africa (COMESA),1993,31739.0,196.0,37.0,15.154856800781372,8.160307508113046,1.984939664135606,1.3926957366511228,0.21448483381178016,0.38461538461538464,0.47076789210937875,0.06436997468759073,0.28355952130603357
112,North American Free Trade Agreement (NAFTA),1992,78901.0,298.0,24.0,14.676620068186715,8.377587102825059,10.012547369488345,1.6399129437303859,0.540718707847681,0.5857988165680473,0.45591202765005534,0.3246987464543088,0.4767820746300231
113,South Asian Preferential Trade Arrangement (SAPTA),1993,2670.0,27.0,3.0,16.853932584269664,11.235955056179776,6.367041198501872,0.9344569288389513,0.013405734444713449,0.05128205128205128,0.5235476930432703,0.20647795405957148,0.19867835820740162
114,EFTA - Israel,1992,5089.0,40.0,3.0,18.27471015916683,10.218117508351346,6.484574572607585,1.272379424030043,0.03013869193788261,0.07692307692307693,0.567682485795395,0.21028946553915415,0.22125843004887719
115,ASEAN Free Trade Area (AFTA),1992,2232.0,12.0,3.0,22.40143369175627,6.272401433691757,2.6881720430107525,2.446236559139785,0.010375955452564591,0.021696252465483238,0.6958743231907266,0.08717522728321565,0.20378043959799755
116,Andean Community (CAN),1987,17022.0,157.0,18.0,23.499001292445072,9.928328046058043,1.4099400775467044,1.749566434101154,0.11268287621485144,0.3076923076923077,0.7299689763185064,0.045723206978295704,0.29901684180099036
117,Economic Cooperation Organization (ECO),2003,5298.0,39.0,4.0,24.34881087202718,9.248773121932805,5.662514156285391,2.3157417893544734,0.03158440839760661,0.07495069033530573,0.7563673164502059,0.18363071658752111,0.26163328294265986
118,EFTA - Turkey,1991,4598.0,37.0,3.0,20.878642888212266,9.351892127011745,4.5672031317964334,1.6853523270987385,0.026742295853076473,0.07100591715976332,0.6485706088678703,0.14811067323542426,0.22360737377903359
119,Southern Common Market (MERCOSUR),1991,1992.0,26.0,8.0,29.116465863453815,7.530120481927711,4.016064257028113,1.6333835341365461,0.008715802580154256,0.04930966469428008,0.9044689395881397,0.13023768895323787,0.273183023953953
120,Lao People's Democratic Republic - Thailand,1991,986.0,11.0,3.0,21.29817444219067,11.156186612576064,0.0,1.1031102096010819,0.001756995123300937,0.01972386587771203,0.6616028656510293,0.0,0.17077093166301058
121,US - Israel,1985,3688.0,24.0,3.0,18.980477223427332,11.93058568329718,11.65943600867679,1.3786801036394314,0.020447549545187287,0.045364891518737675,0.5896063137490192,0.378106002066789,0.25838118921993325
122,Australia - New Zealand (ANZCERTA),1982,9769.0,26.0,3.0,14.43341181287747,6.0395127443955365,3.173303306377316,2.2008159922787827,0.06251167294988413,0.04930966469428008,0.4483570478042788,0.10290763855359229,0.16577150600050883
124,South Pacific Regional Trade and Economic Cooperation Agreement (SPARTECA),1980,4807.0,17.0,3.0,19.138755980861244,7.905138339920948,5.8248387767838565,1.9752097635392827,0.028188012312800468,0.03155818540433925,0.5945230581288812,0.18889477166257007,0.21079100687714775
125,EU - Syria,1977,4046.0,50.0,5.0,23.23282254078102,9.391992090954028,2.2244191794364805,1.460199373867194,0.022923944246532702,0.09664694280078896,0.7217004448838358,0.07213610008507317,0.22835185800405766
126,Australia - Papua New Guinea (PATCRA),1976,3236.0,26.0,3.0,10.506798516687269,9.88875154511743,6.180469715698393,0.7845642768850433,0.017320928302147823,0.04930966469428008,0.3263814007311364,0.2004275930120904,0.14835989668491367
127,Asia Pacific Trade Agreement (APTA),1975,4043.0,40.0,9.0,22.013356418501115,10.388325500865694,5.688844917140737,1.321337290790667,0.022903192335627574,0.07692307692307693,0.6838191568300346,0.1844846016906241,0.2420325069448408
128,Caribbean Community and Common Market (CARICOM),1973,3144.0,35.0,6.0,26.081424936386767,11.450381679389313,2.2264631043257,1.77933554465043,0.01668453636772386,0.06706114398422092,0.81018894483244,0.07220238290251069,0.24153425202172385
129,EU - Norway,1973,3538.0,38.0,3.0,21.198417184850197,11.305822498586773,1.9785189372526852,1.5888920293951385,0.019409953999930826,0.07297830374753453,0.6585040231889635,0.06416175575056349,0.2037635091717481
130,EU - Iceland,1972,3841.0,39.0,3.0,21.348607133558968,10.153605831814632,1.8224420723769852,1.9393387138765947,0.021505897001348875,0.07495069033530573,0.6631694981914061,0.05910031029562447,0.2046815989559213
131,EU - Switzerland - Liechtenstein,1972,3695.0,38.0,3.0,21.380243572395127,10.825439783491204,1.8944519621109608,1.631551646368967,0.020495970670632586,0.07297830374753453,0.6641522471424869,0.06143553229918636,0.20476551346496008
132,Global System of Trade Preferences among Developing Countries (GSTP),1988,4720.0,36.0,9.0,20.76271186440678,18.008474576271187,5.508474576271187,1.1534462512534547,0.027586206896551727,0.06903353057199212,0.6449693472773169,0.17863533861933517,0.23005610584129899
133,Protocol on Trade Negotiations (PTN),1971,3199.0,24.0,3.0,15.94248202563301,10.628321350422008,3.1259768677711786,1.0246819555353472,0.017064988067651228,0.045364891518737675,0.495234548030302,0.10137288074197008,0.16475932708966523
134,EU – Overseas Countries and Territories (OCT),1970,15831.0,65.0,18.0,17.307813783083823,6.822057987492894,1.2633440717579432,2.4529654691620895,0.10444436758551516,0.126232741617357,0.5376469813468592,0.040969218052373475,0.2023233271505262
135,EFTA - Accession of Iceland,1969,1529.0,8.0,2.0,20.27468933943754,3.2701111837802483,1.962066710268149,3.1759319816873774,0.005513090997129318,0.013806706114398423,0.6298094986293363,0.06362822344543406,0.17818937979657454
136,Tripartite Agreement,1967,885.0,14.0,3.0,19.2090395480226,7.909604519774011,3.389830508474576,1.2553672316384181,0.001058347456161588,0.025641025641025644,0.5967063348960211,0.10992943915036009,0.18333378678589213
138,European Free Trade Association (EFTA),1960,7881.0,61.0,20.0,19.41377997716026,8.12079685319122,5.329272934906737,1.8098253182760224,0.04945180368692284,0.1183431952662722,0.6030663567373187,0.17282397551997988,0.2359213328026234
139,Pakistan - China,2006,11335.0,85.0,14.0,18.967798853109837,9.351565946184385,16.93868548742832,2.1333595549674067,0.07334417044236156,0.16568047337278105,0.589212475011497,0.549307757695315,0.3443862191304886
140,EU - Montenegro,2007,8808.0,62.0,8.0,20.77656675749319,6.584922797456858,6.8119891008174385,2.24810021192855,0.05586414415660776,0.1203155818540434,0.6453997333178735,0.2209072516986119,0.26062167775678413
141,Australia - China,2015,37504.0,224.0,19.0,18.584684300341298,8.852389078498293,13.918515358361775,1.918507930582643,0.25436308926780343,0.43984220907297833,0.5773114697552828,0.45136610320936305,0.4307207178263569
142,Australia - Chile,2008,52540.0,293.0,25.0,15.740388275599543,8.602969166349448,11.762466692044157,1.4995629566844357,0.35837166672431087,0.5759368836291914,0.4889567421781985,0.3814472031119556,0.4511781239109141
143,EFTA - Canada,2008,6804.0,45.0,11.0,17.78365667254556,9.994121105232216,14.40329218106996,1.363030733555425,0.042001867671981455,0.08678500986193295,0.5524284838705642,0.4670870202582173,0.28707559541567396
144,Canada - Colombia,2008,60806.0,279.0,25.0,13.71575173502615,9.35762918133079,11.347564385093577,1.3089390212038472,0.4155500985715768,0.5483234714003945,0.42606377730081224,0.3679922596299016,0.4394824017256713
145,"EU - Korea, Republic of",2010,44962.0,275.0,17.0,16.814198656643388,7.806592233441573,9.363462479427072,1.8150432852292198,0.30595233977795455,0.5404339250493096,0.5223134050787095,0.30364945276631317,0.4180872806680717
146,Canada - Rep. of Korea,2014,61938.0,310.0,25.0,13.319771384287513,7.911136943395008,12.625528754561012,1.434215705721082,0.42338048628644553,0.6094674556213018,0.41376311108637803,0.40943560201486273,0.464011663752247
147,"ASEAN - Korea, Republic of",2006,4075.0,23.0,3.0,15.705521472392638,4.41717791411043,2.9447852760736195,2.5907730061349694,0.02312454605194895,0.04339250493096647,0.4878736457381542,0.09549698517601833,0.162471920474272
148,Japan - Viet Nam,2008,18300.0,131.0,16.0,20.273224043715846,9.234972677595628,10.92896174863388,1.8040410664017221,0.12152319026043648,0.2564102564102564,0.6297639809324497,0.354417317479303,0.3405286862706114
149,Japan - Indonesia,2007,25357.0,155.0,17.0,18.811373585203295,8.99159995267579,11.200063098947036,1.8143184049718737,0.17033860201293535,0.3037475345167653,0.5843533071148257,0.36320891320018805,0.3554120892111786
150,India - Japan,2011,25388.0,149.0,17.0,17.44918859303608,7.562628013234599,13.037655585315898,1.8189119130173959,0.1705530384256217,0.29191321499013806,0.5420386243794186,0.42280053906715426,0.3568263542155832
151,Japan - Australia,2014,48382.0,276.0,22.0,17.072464966309784,7.812822950684139,9.590343516183705,1.8602121073732418,0.32960951820980183,0.5424063116370809,0.5303361457619634,0.31100701977804324,0.4283397488467223
152,ASEAN - Japan,2008,13707.0,82.0,12.0,20.573429634493326,8.389873787116072,24.58597796746188,2.178400267566387,0.0897520146646837,0.15976331360946747,0.6390895163055373,0.7973032168332274,0.421477015353229
153,EFTA - Colombia,2008,27493.0,147.0,15.0,18.150074564434583,8.220274251627687,11.821190848579638,1.8111715961386785,0.18511396257738733,0.2879684418145957,0.5638108268952019,0.38335157962175004,0.35506120272723374
154,EFTA - Peru,2010,23095.0,136.0,15.0,18.315652738688026,9.439272569820307,13.249621130114743,1.479028012472481,0.15469166119046796,0.26627218934911245,0.5689543191166918,0.4296744088375408,0.35489814462345326
155,Japan - Switzerland,2009,27073.0,156.0,18.0,18.837956635762566,6.648690577327965,10.674842093598789,2.3471458551667617,0.18220869505066925,0.3057199211045365,0.5851790784726243,0.34617642428855133,0.35482102972909535
156,US - Peru,2006,75408.0,279.0,25.0,15.17080415870995,9.919371949925738,10.940483768300446,1.5110189587403544,0.5165565662504755,0.5483234714003945,0.4712632781216282,0.3547909671814514,0.47273357073848743
157,US - Panama,2007,73972.0,282.0,24.0,15.519385713513222,9.16563023846861,11.166387281674147,1.7270988367498,0.5066233182305537,0.5542406311637081,0.4820915562070064,0.3621168339069951,0.4762680848770658
158,US - Oman,2006,59891.0,221.0,24.0,14.760147601476016,8.74922776377085,11.437444691188993,1.868590527733731,0.4092207657455124,0.4339250493096647,0.45850671272670174,0.37090700466362253,0.41813988311137534
159,"Korea, Republic of - US",2007,75056.0,272.0,26.0,14.695693881901514,8.82008100618205,10.458857386484759,1.5851291737763173,0.5141216753709404,0.5345167652859961,0.45650453335268526,0.3391722163617118,0.46107879759283343
160,Malaysia - Australia,2012,38032.0,244.0,23.0,17.853386621792176,8.019562473706353,10.228228859907446,1.694163009459339,0.25801542558710616,0.47928994082840237,0.5545945631450335,0.33169312131099,0.405898262717883
161,Pakistan - Malaysia,2007,21556.0,138.0,16.0,18.324364446093895,8.907032844683615,12.386342549638151,1.7155048349518567,0.14404593089613668,0.2702169625246548,0.5692249381127039,0.40167898843375915,0.3462917049918136
162,South Asian Free Trade Agreement (SAFTA),2004,4613.0,27.0,3.0,17.3422935183178,9.538261435074789,10.838933448948623,1.4040289864048807,0.026846055407602116,0.05128205128205128,0.5387180539732762,0.3514977731341451,0.24208598344926868
164,African Common Market,1962,1485.0,21.0,7.0,31.64983164983165,6.0606060606060606,0.0,2.071043771043771,0.005208729637187425,0.03944773175542406,0.9831649831649831,0.0,0.25695536113939865
165,Albania - Bosnia and Herzegovina,2003,5455.0,41.0,5.0,20.164986251145738,9.165902841429881,4.399633363886343,1.5603314274075042,0.032670425068308376,0.07889546351084814,0.6264017005675059,0.14267652230697517,0.22016102786340938
166,Albania - Bulgaria,2003,4884.0,38.0,6.0,19.86076986076986,8.5995085995086,5.528255528255528,1.62986622986623,0.028720644692698787,0.07297830374753453,0.6169515743983829,0.17927681876179732,0.22448183540010339
167,Albania - Former Yugoslav Republic of Macedonia,2002,4811.0,41.0,5.0,20.785699438786114,8.314279775514446,5.40428185408439,1.6039977828587264,0.02821568152734064,0.07889546351084814,0.645683429375058,0.17525645360283973,0.2320127570040216
168,Albania - Moldova,2003,5387.0,41.0,5.0,20.233896417300908,9.281603861147206,4.455169853350659,1.5312062254516312,0.03220004842112545,0.07889546351084814,0.6285423142395601,0.14447752537303685,0.22102883788614264
169,Albania - Romania,2003,4542.0,42.0,6.0,21.356230735358874,9.247027741083222,5.284015852047556,1.506982973726699,0.02635492684951406,0.08086785009861934,0.6634063164600841,0.171356325227774,0.23549635465899788
170,Albania - Serbia and Montenegro,2003,5027.0,42.0,6.0,20.688283270340165,9.150586831111996,4.973145016908693,1.511206153438101,0.02970981911250994,0.08086785009861934,0.6426573100999284,0.1612750375440433,0.22862750421377526
171,Albania - UNMIC/Kosovo,2003,4990.0,39.0,5.0,20.440881763527056,9.01803607214429,4.809619238476954,1.6181062124248498,0.02945387887801335,0.07495069033530573,0.6349720718031808,0.1559720298967033,0.2238371677283008
172,Arab Common Market,1964,1936.0,22.0,6.0,27.892561983471076,3.0991735537190084,0.0,2.4260933195592287,0.008328433576591845,0.04142011834319526,0.8664497977844206,0.0,0.22904958742605191
173,Arusha  Agreement,1969,4121.0,37.0,7.0,22.082018927444796,7.279786459597185,4.367871875758311,1.4053789533284802,0.023442742019160932,0.07100591715976332,0.6859520773206255,0.14164652314690904,0.2305118149116147
174,Australia - New Zealand Free Trade Agreement,1965,4390.0,19.0,3.0,17.53986332574032,8.200455580865604,7.289293849658314,2.3063667425968113,0.025303496696987515,0.03550295857988166,0.544855328842146,0.23638585548505678,0.210511909901018
175,Borneo Free Trade Area,1961,3086.0,26.0,2.0,17.822423849643553,10.369410239792613,0.9721322099805574,1.7397818103262046,0.016283332756891363,0.04930966469428008,0.5536327408612678,0.03152545484383301,0.16268779828906804
176,Bulgaria - Bosnia and Herzegovina,2003,5784.0,42.0,5.0,22.30290456431535,8.125864453665283,4.322268326417704,2.3522216459197787,0.03494621796423754,0.08086785009861934,0.6928136311468173,0.1401676372292368,0.23719883410972775
177,Bulgaria - Estonia,2001,5112.0,40.0,6.0,20.539906103286384,9.194053208137715,4.694835680751174,1.513178142931664,0.030297789921488603,0.07692307692307693,0.6380481470382579,0.1522496927199823,0.2243796766507014
178,Bulgaria - Former Yugoslav Republic of Macedonia,1999,4946.0,41.0,5.0,20.82490901738779,8.896077638495754,4.650222401940963,1.5069705197080856,0.029149517518071457,0.07889546351084814,0.6469014290507695,0.15080292046809407,0.2264373326369458
179,Bulgaria - Israel,2001,5015.0,43.0,5.0,25.523429710867397,9.770687936191425,5.383848454636092,1.8583682286473913,0.029626811468889427,0.08284023668639054,0.792855476124817,0.17459381512116015,0.2699790848503143
180,Bulgaria - Latvia,2002,4933.0,38.0,5.0,20.67707277518751,8.919521589296574,5.067909993918508,1.4488816811946752,0.029059592570815893,0.07297830374753453,0.6423090691866759,0.16434818847231009,0.22717378849433412
181,Bulgaria - Lithuania,2001,5394.0,40.0,6.0,20.949202817945867,9.454949944382648,4.4493882091212456,1.6675057824390416,0.03224846954657075,0.07692307692307693,0.6507624705149141,0.14429003136532248,0.22605601208747106
182,Bulgaria - Serbia and Montenegro,2003,5177.0,41.0,6.0,21.24782692679158,9.271779022599961,4.249565385358315,1.5408381393894237,0.0307474146577664,0.07889546351084814,0.6600388790024617,0.1378099401363409,0.2268729243268543
183,Bulgaria - Slovak Republic Free Trade Agreement,1995,4806.0,41.0,5.0,22.055763628797337,9.987515605493133,3.9533915938410322,1.5044527673741157,0.028181095009165425,0.07889546351084814,0.6851364871924278,0.1282052655925444,0.23010457782624644
184,Bulgaria - Slovenia,1996,4644.0,39.0,5.0,23.25581395348837,9.905254091300604,3.875968992248062,1.59519092736147,0.02706049182028845,0.07495069033530573,0.722414646214745,0.12569451375719468,0.23753008553188346
185,Bulgaria - Turkey,1998,4872.0,42.0,5.0,22.57799671592775,8.620689655172415,4.105090311986864,1.9058001505199782,0.028637637049078266,0.08086785009861934,0.7013590469203087,0.13312473131919633,0.23599731634680066
186,Canada - US Free Trade Agreement (CUSFTA),1988,27829.0,151.0,23.0,15.164037514822667,5.713464371698588,8.336627259333788,1.9358484383368495,0.1874381765987618,0.2958579881656805,0.4710530802476828,0.27035002391212926,0.30617481723106355
187,Caribbean Free Trade Association (CARIFTA),1965,7949.0,40.0,2.0,18.61869417536797,14.844634545225814,1.258019876714052,1.3824637942954714,0.04992218033410577,0.07692307692307693,0.5783679467241964,0.04079655874871836,0.1865024406825244
188,Central American Free Trade Area,1958,3854.0,30.0,13.0,24.909185262065385,9.859885832900883,2.3352361183186305,2.3201565473101535,0.021595821948604432,0.05719921104536489,0.7737746911194778,0.07572980304727714,0.23207488179018107
189,Central European Free Trade Agreement (CEFTA),1992,4294.0,43.0,5.0,25.617140195621797,10.945505356311132,4.657661853749418,1.5953966775345443,0.02463943554802338,0.08284023668639054,0.7957664826725068,0.1510441758237365,0.2635725826826643
190,Central European Free Trade Agreement (CEFTA) - Accession of Bulgaria,1998,1418.0,14.0,3.0,19.040902679830747,1.4104372355430186,0.7052186177715091,2.8095909732016926,0.004745270293639539,0.025641025641025644,0.5914833598415508,0.02286966470335418,0.1611848301198925
191,Central European Free Trade Agreement (CEFTA) - Accession of Romania,1997,1301.0,16.0,3.0,19.984627209838585,0.7686395080707148,0.7686395080707149,2.129900076863951,0.003935945768339501,0.02958579881656805,0.6207990580077517,0.024926352459151598,0.16981178876295272
192,Central European Free Trade Agreement (CEFTA) - Accession of Slovenia,1995,1308.0,12.0,3.0,19.877675840978593,0.7645259938837919,0.764525993883792,2.8555045871559632,0.003984366893784803,0.021696252465483238,0.6174767388899732,0.024792954548437482,0.16698757819941967
193,Croatia - Albania,2002,4945.0,42.0,6.0,21.23356926188069,9.504550050556118,5.25783619817998,1.3914964610717897,0.029142600214436414,0.08086785009861934,0.6595959813265064,0.1705073404010641,0.23502844301015657
194,Croatia - Bosnia and Herzegovina,2000,5461.0,41.0,5.0,21.973997436366965,8.789598974546786,3.4792162607581028,1.764954526033083,0.03271192889011863,0.07889546351084814,0.6825965161084205,0.11282814620724561,0.2267580136791582
195,Croatia - Former Yugoslav Republic of Macedonia,1997,4745.0,40.0,5.0,19.599578503688093,10.326659641728135,3.793466807165437,1.1867755532139095,0.027759139487427798,0.07692307692307693,0.6088379705400981,0.1230190351714251,0.20913480553050698
196,Croatia - Serbia and Montenegro,2004,819.0,14.0,3.0,29.304029304029303,0.0,0.0,1.9841269841269842,0.0006018054162487459,0.025641025641025644,0.9102953783804847,0.0,0.23413455235943978
197,Czech Republic - Bulgaria Free Trade Agreement,1995,4776.0,41.0,5.0,21.984924623115578,10.050251256281408,3.9782244556113904,1.521105527638191,0.027973575900114133,0.07889546351084814,0.6829359563776328,0.129010575049784,0.22970389270959476
198,Czech Republic - Estonia,1996,5061.0,43.0,6.0,22.92037146808931,10.07705986959099,3.9517881841533296,1.4697622340775867,0.029945007436101404,0.08284023668639054,0.7119945179449019,0.12815326832387366,0.23823325759781686
199,Czech Republic - Israel,1996,5252.0,41.0,6.0,22.84843869002285,11.043412033511043,5.331302361005331,1.5503067614453752,0.03126621243039464,0.07889546351084814,0.7097600103709225,0.17288978815346046,0.24820286861640645
200,Czech Republic - Latvia,1996,4956.0,43.0,6.0,23.405972558514932,9.887005649717514,3.8337368845843423,1.5446428571428572,0.029218690554421885,0.08284023668639054,0.7270791475623787,0.12432496094385963,0.24086575893676268
201,Czech Republic - Lithuania,1996,4840.0,42.0,6.0,23.760330578512395,9.917355371900827,3.925619834710744,1.5720626721763085,0.02841628333275689,0.08086785009861934,0.7380868647793212,0.127304650090448,0.24366891207528635
202,Czech Republic - Romania Free Trade Agreement,1994,4838.0,41.0,5.0,22.73666804464655,10.128152128978916,4.54733360892931,1.5826856827890312,0.028402448725486803,0.07889546351084814,0.7062879860677438,0.14746632081145866,0.24026305477888432
203,Czech Republic - Slovak Republic Customs Union,1992,1393.0,10.0,5.0,22.972002871500358,3.589375448671931,3.589375448671931,4.141062455132807,0.004572337702763463,0.01775147928994083,0.7135983870721387,0.11640051884191037,0.21308068072668834
204,Czech Republic - Slovenia,1993,4262.0,41.0,5.0,23.932426091037073,10.793054903801032,4.692632566870014,1.6158493664946034,0.024418081831702004,0.07889546351084814,0.7434328104875345,0.1521782475333469,0.2497311508408579
205,Czech Republic - Turkey,1997,4812.0,39.0,6.0,23.69077306733167,10.806317539484622,3.7406483790523692,1.6607061890727726,0.028222598830975682,0.07495069033530573,0.7359261420915795,0.12130617661853951,0.2401014019691001
206,EC - Algeria,1976,13365.0,110.0,16.0,21.17471006359895,6.210250654695099,2.843247287691732,2.2497268986157875,0.08738629682149898,0.21499013806706113,0.6577675892096695,0.09220419101201172,0.26308705377756036
207,EC - Austria Agreement of 1972,1972,3570.0,38.0,3.0,21.84873949579832,10.364145658263306,1.680672268907563,1.8867413632119512,0.019631307716252204,0.07297830374753453,0.6787055247630966,0.054502831175388615,0.206454491850568
208,EC - Bulgaria Europe Agreement,1993,16305.0,126.0,19.0,19.871205151793927,6.8077276908923645,2.0852499233364,2.257003791806,0.10772316950852558,0.2465483234714004,0.6172757345025347,0.06762295459540704,0.25979254551946696
209,EC - Bulgaria Interim Agreement,1993,5282.0,53.0,8.0,24.80121166224915,8.140855736463461,3.7864445285876562,2.7663200266854187,0.03147373153944592,0.10256410256410257,0.7704206175932713,0.12279130840346925,0.25681244002507225
210,EC - Cyprus Association Agreement,1972,1678.0,20.0,4.0,21.454112038140643,5.959475566150179,2.9797377830750893,1.79165673420739,0.006543769238750734,0.03747534516765286,0.6664468845890497,0.09663046647603166,0.20177411636787124
211,EC - Czech and Slovak Federal Republic Interim Agreement,1991,5727.0,50.0,7.0,23.92177405273267,7.333682556312206,3.4922297887200977,3.5772475686043,0.03455193165704008,0.09664694280078896,0.7431019173827594,0.11325016430716335,0.24688773903693798
212,EC - Czech Republic Europe Agreement,1993,15522.0,124.0,18.0,20.74474938796547,6.571318129107074,2.0615900012884936,2.570558582493256,0.10230692076228685,0.24260355029585798,0.6444113639665868,0.0668556826168921,0.2640443794104059
213,EC - Egypt Agreement of 1972,1972,1401.0,23.0,4.0,22.12705210563883,8.565310492505354,3.5688793718772307,1.2350701879609802,0.004627676131843807,0.04339250493096647,0.6873509803028232,0.11573584778499725,0.21277675228765766
214,EC - Egypt Cooperation Agreement,1977,4896.0,52.0,7.0,22.875816993464053,8.57843137254902,2.246732026143791,1.652811819172113,0.0288036523363193,0.10059171597633138,0.7106104853288833,0.07285968750876604,0.22821638528757499
215,EC - Estonia Agreement,1994,5635.0,51.0,8.0,19.165927240461404,9.582963620230702,3.3717834960070987,1.1872501795749357,0.03391553972261613,0.09861932938856016,0.5953671015122053,0.10934418925248773,0.20931153996896734
216,EC - Faeroe Islands Agreement of 1992,1991,3520.0,40.0,3.0,20.454545454545453,12.784090909090908,1.9886363636363635,1.2159232954545456,0.01928544253450005,0.07692307692307693,0.6353965183752417,0.06448985563792431,0.19902372336768576
217,EC - Finland Agreement,1973,3349.0,37.0,3.0,22.394744699910422,10.152284263959391,2.090176171991639,1.7509704389369958,0.01810258361290769,0.07100591715976332,0.695666537486579,0.0677827088221838,0.21313943677035846
218,EC - Greece Additional Protocol,1975,1891.0,20.0,5.0,14.806980433632999,4.759386567953464,0.5288207297726071,1.14420941300899,0.008017154913014907,0.03747534516765286,0.4599615198532804,0.017149225039321113,0.13065081124331732
219,EEC - Greece Association Agreement,1961,11132.0,79.0,10.0,22.90693496227093,7.276320517427237,1.3474667624865255,2.669291232482932,0.07193995780444783,0.15384615384615385,0.7115771286152246,0.04369724831479909,0.24526512214515633
220,EC - Hungary Europe Agreement,1991,15486.0,125.0,19.0,19.759783029833397,6.65116879762366,2.1309569934134056,2.162637989458989,0.10205789783142531,0.2445759368836292,0.6138145366714204,0.06910519760614461,0.25738839224815485
221,EC - Hungary Interim Agreement of 1991,1991,5352.0,49.0,6.0,22.42152466367713,7.286995515695067,3.5500747384155455,2.5243092628182313,0.031957942793898936,0.09467455621301776,0.6964984257227362,0.11512602885608526,0.23456423839643456
222,EC - Israel Agreement of 1970,1970,1394.0,23.0,4.0,22.23816355810617,9.32568149210904,2.8694404591104736,1.384624581539933,0.004579255006398506,0.04339250493096647,0.690802527549681,0.093053614201883,0.20795697542223224
223,EC - Latvia Agreement,1994,17727.0,131.0,19.0,18.164382016133583,7.897557398318948,2.1436227224008575,1.7927435391557918,0.11755957527755681,0.2564102564102564,0.5642552711394687,0.06951593686893082,0.2519352599240532
224,EC - Lebanon Cooperation Agreement,1977,4515.0,50.0,7.0,22.591362126245848,9.080841638981173,2.2148394241417497,1.7886600221483941,0.026168159651367897,0.09664694280078896,0.7017742277514667,0.07182543643268267,0.22410369165907656
225,EC - Lithuania,1994,5980.0,52.0,8.0,20.401337792642142,8.528428093645484,3.3444816053511706,1.7197491638795988,0.036302009476705976,0.10059171597633138,0.6337436846225005,0.1084588112018603,0.21977405531934954
226,EC - Malta Association Agreement,1970,1469.0,20.0,4.0,25.86793737236215,7.488087134104833,4.084411164057181,1.775811209439528,0.005098052779026736,0.03747534516765286,0.803557203481888,0.13245412341466123,0.2446461812108072
227,EC - Morocco Association Agreement of 1969,1969,1317.0,19.0,4.0,23.538344722854973,7.593014426727411,1.5186028853454823,1.5250569476082005,0.00404662262650019,0.03550295857988166,0.7311911339440055,0.0492470532260535,0.2049969420941102
228,EC - Poland Europe Agreement,1991,15506.0,123.0,19.0,20.250225719076486,6.707081129885205,2.2571907648652134,2.201787889582937,0.10219624390412617,0.2406311637080868,0.6290495648904609,0.07319885587691655,0.2612689570948976
229,EC - Poland Interim Agreement of 1991,1991,5450.0,50.0,7.0,23.30275229357798,7.339449541284404,3.853211009174312,2.732775593417795,0.03263583855013316,0.09664694280078896,0.723872730821784,0.1249564909241249,0.24452800077420775
230,EC - Portugal Agreement of 1972,1972,3763.0,40.0,2.0,21.525378687217646,10.364071219771459,1.860217911241031,1.675104083621224,0.020966347317815517,0.07692307692307693,0.6686606996454842,0.06032534994565336,0.20671886845800752
231,EC - Romania Europe Agreement,1993,16535.0,127.0,19.0,19.231932264892652,6.592077411551255,2.1771998790444513,2.1932362809048627,0.10931414934458547,0.2485207100591716,0.5974174703562398,0.07060481667836857,0.25646428660959136
232,EC - Romania Interim Agreement,1993,5281.0,53.0,8.0,23.859117591365273,7.574323044877864,4.165877674682825,2.5360291310868854,0.03146681423581088,0.10256410256410257,0.7411555677317723,0.13509601592233234,0.2525706251135045
233,EC - Slovak Republic Europe Agreement,1993,15506.0,124.0,18.0,20.766155036759965,6.578098800464336,2.0637172707339095,2.5733991347947236,0.10219624390412617,0.24260355029585798,0.6450763053972244,0.0669246682303237,0.26420019195688305
234,EC - Slovenia Cooperation Agreement,1993,4078.0,53.0,5.0,27.21922511034821,14.713094654242276,3.92349190779794,1.2390662386493676,0.02314529796285408,0.10256410256410257,0.8455333757682634,0.12723564315588515,0.2746196048627763
235,EC - Slovenia Europe Agreement,1996,17157.0,132.0,20.0,21.390686017369003,6.586233024421519,2.3314099201492104,2.3539378161165185,0.11361671220558225,0.2583826429980276,0.6644766294757178,0.07560572256071861,0.27802042681001155
236,EC - Slovenia Interim Agreement,1996,5782.0,52.0,8.0,25.077827741266,7.090971982013144,3.6319612590799033,2.4328183250701407,0.03493238335696745,0.10059171597633138,0.7790133723882628,0.1177815419468144,0.25807975341709405
237,EC - Spain Agreement of 1970,1970,1367.0,21.0,4.0,24.140453547915143,8.046817849305048,2.926115581565472,1.5452328700316993,0.004392487808252344,0.03944773175542406,0.7498949399990661,0.09489154220733352,0.22215667544251902
238,EC - Sweden Agreement,1972,3444.0,37.0,2.0,22.067363530778167,11.033681765389083,2.032520325203252,1.7048248161053037,0.01875972745823678,0.07100591715976332,0.6854968245731089,0.0659129767263338,0.2102938614793607
239,EC - Syria Interim Agreement of 1977,1977,5081.0,51.0,7.0,18.89391851997638,8.069277701239914,1.771304861247786,1.2805746900216493,0.030083353508802268,0.09861932938856016,0.5869174689184152,0.05744197223857628,0.19326553101358848
240,EC - Tunisia Association Agreement of 1969,1969,1325.0,20.0,4.0,23.39622641509434,7.547169811320755,1.5094339622641513,1.511698113207547,0.004101961055580534,0.03747534516765286,0.7267763950220795,0.048949712527330165,0.20432585344316076
241,EC - Turkey Additional Protocol,1970,7782.0,65.0,12.0,22.87329735286559,9.123618607041891,1.285016705217168,2.3612732679810553,0.04876699062705357,0.126232741617357,0.7105322156422076,0.04167204388249323,0.23180099794227785
242,EEC - Turkey Association Agreement of 1963,1963,2503.0,33.0,6.0,21.174590491410306,7.191370355573312,2.397123451857771,1.2270675189772273,0.01225054473766126,0.0631163708086785,0.6577638748395541,0.07773675880788548,0.20271688729844484
243,EC - Turkey Association Agreement of 1973,1973,2390.0,19.0,5.0,14.225941422594142,6.694560669456067,0.4184100418410041,1.0882845188284518,0.011468889426901392,0.03550295857988166,0.4419122229146265,0.013568696464165782,0.12561319184639383
244,EFTA - Bulgaria,1993,5971.0,42.0,3.0,19.092279350192598,11.053424886953609,5.19176017417518,1.302430796468646,0.03623975374399059,0.08086785009861934,0.5930793159847062,0.16836454882432475,0.2196378671629102
245,EFTA - Czechoslovakia,1992,5268.0,41.0,3.0,18.982536066818525,9.870918754745635,2.277904328018223,1.4585773945113354,0.031376889288555324,0.07889546351084814,0.5896702693096818,0.07387057983908024,0.1934533004870414
246,EFTA - Estonia Free Trade Agreement,1995,5375.0,41.0,3.0,18.232558139534884,10.604651162790697,4.27906976744186,1.1791317829457366,0.032117040777504935,0.07889546351084814,0.5663730826323602,0.1387667431879429,0.20403808252716404
247,EFTA - Hungary Agreement,1993,4816.0,42.0,3.0,24.916943521594686,11.835548172757475,4.3604651162790695,1.5759116437272584,0.02825026804551586,0.08086785009861934,0.7740156923729412,0.141406327976844,0.2561350346234801
248,EFTA - Latvia,1995,5475.0,41.0,3.0,18.447488584474886,10.593607305936073,4.383561643835616,1.234931506849315,0.03280877114100923,0.07889546351084814,0.5730496453900709,0.14215532953142454,0.2067273023933382
249,EFTA - Lithuania,1995,5600.0,42.0,3.0,18.214285714285715,10.178571428571429,4.107142857142857,1.2462946428571429,0.033673434095389615,0.08086785009861934,0.56580547112462,0.1331912936848559,0.20338451225087123
250,EFTA - Poland Agreement,1992,5079.0,42.0,3.0,24.217365623154166,12.207127387280961,4.331561330970663,1.69585220187701,0.030069518901532182,0.08086785009861934,0.752284123612874,0.14046900178890273,0.25092262360048206
251,EFTA - Romania Free Trade Agreement,1992,5678.0,42.0,3.0,20.077492074674183,11.447692849594928,3.522367030644593,1.37212256159949,0.03421298377892297,0.08086785009861934,0.6236837963622193,0.1142274904873414,0.21324803018177574
252,EFTA - Slovenia,1995,5796.0,42.0,3.0,17.77087646652864,11.214630779848171,4.485852311939269,1.2704020013802622,0.03502922560785805,0.08086785009861934,0.5520314817262088,0.14547253248503483,0.20335027247943022
253,EFTA - Spain Agreement,1979,4313.0,3.0,3.0,19.244145606306514,4.173429167632738,0.46371435195919314,4.352215456331531,0.0247708643170892,0.003944773175542407,0.5977968635150533,0.015037878297869801,0.1603875948263887
254,El Salvador - Nicaragua Free Trade Area,1951,2637.0,26.0,11.0,20.098596890405766,2.2753128555176336,1.1376564277588168,2.3649981039059536,0.013177463424757029,0.04930966469428008,0.6243393927657961,0.036893270249552024,0.1809299477835963
255,Equatorial Customs Union - Cameroon Association,1959,1927.0,20.0,6.0,24.390243902439025,7.265179034769071,4.67047223663726,1.9243210517211558,0.008266177843876456,0.03747534516765286,0.7576543850544888,0.15145960609455425,0.2387138785401431
256,Estonia - Faeroe Islands,1997,3394.0,32.0,5.0,20.919269298762522,12.374779021803182,5.892751915144372,1.1921352807475378,0.018413862276484626,0.0611439842209073,0.6498326207700698,0.1910971393597892,0.23012190165681273
257,Estonia - Latvia - Lithuania,1993,3660.0,34.0,3.0,22.950819672131146,10.382513661202186,4.918032786885246,1.3188888888888888,0.02025386504340608,0.06508875739644972,0.7129403557725845,0.15948779286568637,0.23944269276953167
258,Estonia - Norway Free Trade Agreement,1992,2641.0,27.0,3.0,20.068156001514577,10.980689132904203,4.543733434305188,1.2422630316799195,0.013205132639297203,0.05128205128205128,0.6233937821747081,0.1473495700841631,0.20880763404505492
259,Estonia - Sweden Free Trade Agreement,1992,2846.0,26.0,3.0,20.028109627547433,11.946591707659874,4.216444132115249,1.2064317504935917,0.01462317988448103,0.04930966469428008,0.6221497884301967,0.13673584490241555,0.20570461947784335
260,Estonia - Switzerland Free Trade Agreement,1992,3838.0,34.0,3.0,20.844189682126107,10.943199583116206,4.168837936425222,1.113318568698975,0.021485145090443743,0.06508875739644972,0.6475003603383854,0.1351920147966909,0.21731656940549243
261,Estonia - Ukraine,1995,3106.0,30.0,3.0,23.1809401159047,11.268512556342563,5.473277527366387,1.188318308649925,0.016421678829592223,0.05719921104536489,0.7200887780685289,0.1774939270248087,0.24280089874207367
262,Finland - Estonia Protocol,1992,1050.0,15.0,3.0,17.142857142857142,11.428571428571429,5.714285714285714,0.98,0.0021997025559436934,0.027613412228796846,0.5325227963525835,0.1853096259963213,0.18691138428341134
263,Finland - Latvia Protocol,1992,1133.0,14.0,2.0,17.6522506619594,11.473962930273608,4.41306266548985,1.1675492791997648,0.0027738387576522663,0.025641025641025644,0.5483465099246962,0.14311202360704425,0.1799683494826046
264,Finland - Lithuania Protocol,1992,1107.0,15.0,3.0,18.066847335140018,11.743450767841011,4.5167118337850045,1.0311653116531165,0.0025939888631411473,0.027613412228796846,0.5612254704107325,0.1464732816140751,0.1844765382791864
265,Former Yugoslav Republic of Macedonia  - Bosnia and Herzegovina,2002,5592.0,42.0,5.0,21.99570815450644,9.298998569384835,3.755364806866953,1.8705005166110313,0.03361809566630927,0.08086785009861934,0.6832709341612637,0.12178341837204593,0.2298850745745596
266,Ghana - Upper Volta Trade Agreement,1961,1275.0,18.0,3.0,10.196078431372548,11.764705882352942,0.0,0.58,0.003756095873828382,0.03353057199211045,0.3167292448894451,0.0,0.08850397818884598
267,Gulf Cooperation Council (GCC),1981,1460.0,29.0,9.0,32.19178082191781,9.58904109589041,0.0,1.4652397260273973,0.005035797046311347,0.055226824457593686,1.0,0.0,0.26506565537597626
268,Hungary - Estonia,1998,4794.0,38.0,6.0,21.068001668752608,10.221109720483938,3.963287442636629,1.3611841190376859,0.02809808736554491,0.07297830374753453,0.6544528177952937,0.12852617989940932,0.2210138472019456
269,Hungary - Israel,1997,5006.0,40.0,6.0,24.370755093887336,10.986815821014781,5.393527766679984,1.7069868538705937,0.02956455573617404,0.07692307692307693,0.7570489880228831,0.17490770731774233,0.25961108199996913
270,Hungary - Latvia,1999,4553.0,40.0,6.0,21.304634307050296,10.103228640456841,4.392708104546453,1.318075993850209,0.026431017189499532,0.07692307692307693,0.6618035337934772,0.14245194179378973,0.22690239242496085
271,Hungary - Lithuania,1998,4845.0,38.0,6.0,21.25902992776058,9.700722394220847,3.9215686274509802,1.8625352597179223,0.02845086985093211,0.07297830374753453,0.660386887117669,0.12717327274257342,0.22224733336467725
272,Hungary - Slovenia Free Trade Agreement,1994,4944.0,41.0,5.0,22.249190938511326,10.315533980582524,4.65210355987055,1.661957254584682,0.02913568291080137,0.07889546351084814,0.6911450802175858,0.15086392488575914,0.2375100378812486
273,Hungary - Turkey,1997,3965.0,37.0,5.0,23.203026481715007,8.575031525851198,4.03530895334174,2.3548465741908364,0.022363642652094215,0.07100591715976332,0.7207748651766789,0.1308617787615888,0.2362515509375313
274,Ireland - United Kingdom Free Trade Area,1965,7329.0,29.0,3.0,16.646200027288852,7.231545913494338,0.6822213125938055,1.92974484922909,0.04563345208037907,0.055226824457593686,0.5170947242519516,0.022123880849608563,0.16001972040988324
275,Latin American Free Trade Area (LAFTA),1960,5016.0,67.0,14.0,21.92982456140351,8.5725677830941,1.594896331738437,1.3141779638490165,0.02963372877252447,0.1301775147928994,0.6812243374393431,0.05172118747903705,0.223189192120951
276,Latvia - Norway Free Trade Agreement,1992,2854.0,28.0,3.0,20.322354590049056,10.51156271899089,4.555010511562719,1.2535038542396637,0.014678518313561373,0.05325443786982249,0.6312901638610983,0.14771527650372493,0.21173459913705175
277,Latvia - Sweden Free Trade Agreement,1992,2877.0,27.0,3.0,20.159888773027458,11.817865832464372,4.171011470281543,1.221536984623533,0.014837616297167365,0.05128205128205128,0.6262433533748955,0.1352625007272418,0.20690638042033896
278,Latvia - Switzerland Free Trade Agreement,1992,3977.0,35.0,3.0,20.61855670103093,11.817953231078702,4.023133014835303,1.0676808314474895,0.02244665029571473,0.06706114398422092,0.6404913358192585,0.13046692300470195,0.21511651327597403
279,Lithuania - Norway Free Trade Agreement,1992,2771.0,29.0,3.0,20.20931071815229,10.826416456153014,3.9696860339227715,1.200042102730663,0.0141043821118528,0.055226824457593686,0.6277785882660073,0.12873368099708354,0.2064608689581343
280,Lithuania - Sweden Free Trade Agreement,1992,2862.0,27.0,3.0,20.26554856743536,11.87980433263452,4.192872117400419,1.1969701507437356,0.014733856742641719,0.05128205128205128,0.6295255512437367,0.1359714236870282,0.20787822073886447
281,Lithuania - Switzerland Free-Trade Agreement,1992,3935.0,35.0,3.0,20.584498094027953,11.435832274459974,4.066073697585769,1.063676408301567,0.022156123543042923,0.06706114398422092,0.6394333450485279,0.13185945433029217,0.21512751672652097
282,Moldova - Bosnia and Herzegovina,2002,4942.0,40.0,5.0,23.47227842978551,9.105625252934034,5.058680696074464,1.875741939835424,0.029121848303531286,0.07692307692307693,0.7291388618614222,0.1640488898692646,0.24980816923932375
283,Moldova - Bulgaria,2004,4843.0,38.0,5.0,22.30022713194301,9.085277720421226,4.749122444765641,1.8141303599697154,0.028437035243662017,0.07297830374753453,0.692730459843336,0.1540101682087948,0.23703899176083185
284,Moldova - Croatia,2004,4514.0,40.0,6.0,22.374833850243686,9.74745237040319,5.981391227292867,1.648980948161276,0.026161242347732854,0.07692307692307693,0.6950480302416123,0.1939716399717807,0.2480259973710507
285,Moldova - Former Yugoslav Republic of Macedonia,2004,5159.0,43.0,5.0,20.93428959100601,9.304128707113781,3.682884279899205,1.581319054080248,0.03062290319233563,0.08284023668639054,0.650299208571676,0.11943293398677424,0.2207988206092941
286,Moldova - Serbia and Montenegro,2003,4415.0,39.0,5.0,21.970554926387315,9.966024915062288,5.436013590033975,1.5783408833522086,0.02547642928786359,0.07495069033530573,0.6824895785643719,0.17628548792402027,0.23980054652789035
287,Poland - Faeroe Islands,1998,3859.0,34.0,7.0,20.989893754858773,11.1427831044312,4.923555325213786,1.3480888831303446,0.02163040846677965,0.06508875739644972,0.6520264868530598,0.1596668842803235,0.22460313424915315
288,Poland - Israel,1998,4734.0,42.0,6.0,23.236163920574565,11.829319814110688,5.280946345585129,1.4080939304323334,0.027683049147442327,0.08086785009861934,0.721804240936997,0.17125678363622848,0.2504029809548218
289,Poland - Latvia,1997,5490.0,41.0,5.0,20.218579234972676,9.65391621129326,4.553734061930784,1.4974559805707346,0.032912530695534875,0.07889546351084814,0.6280665038948958,0.14767388228304293,0.22188709509608043
290,Poland - Lithuania,1996,5043.0,40.0,5.0,21.217529248463215,10.113027959547889,5.552250644457664,1.3897349461299493,0.029820495970670633,0.07692307692307693,0.659097717079921,0.18005496081339964,0.23647406269676707
291,Romania - Bosnia and Herzegovina,2003,5335.0,44.0,5.0,22.30552952202437,8.434864104967199,4.873477038425492,1.962368009996876,0.03184034863210321,0.08481262327416174,0.6928951723862888,0.15804288627615032,0.24189775764217603
292,Romania - Former Yugoslav Republic of Macedonia,2003,4658.0,43.0,6.0,21.039072563331903,9.016745384285102,4.937741519965651,1.4698046371833404,0.027157334071179057,0.08284023668639054,0.653554168988608,0.1601269310079848,0.23091966768854058
293,Romania - Israel,2001,5002.0,43.0,5.0,22.99080367852859,10.195921631347462,5.3978408636545385,1.597667599626816,0.02953688652163387,0.08284023668639054,0.7141824121415263,0.17504757753550942,0.250401778221265
294,Romania - Moldova,1994,3279.0,36.0,2.0,21.043000914913083,12.198841110094541,6.404391582799634,1.2003151367286773,0.017618372358454676,0.06903353057199212,0.6536761986334702,0.20768919656495297,0.23700432453221748
295,Romania - Serbia and Montenegro,2003,4568.0,42.0,6.0,20.796847635726795,10.070052539404553,5.472854640980736,1.4215484530064215,0.02653477674402518,0.08086785009861934,0.6460297350672578,0.177480213164165,0.23272814376851686
296,Romania - Turkey,1997,5033.0,42.0,6.0,21.259686071925294,8.940989469501291,3.37770713292271,2.086700002207652,0.029751322934320205,0.08086785009861934,0.6604072694683176,0.10953628796722747,0.22014068261712116
297,Slovak Republic - Estonia,1996,5063.0,43.0,6.0,22.911317400750544,10.073079202054117,3.9502271380604386,1.4695766673250377,0.029958842043371497,0.08284023668639054,0.7117132639382083,0.12810264487203724,0.2381537468850019
298,Slovak Republic - Israel,1996,5227.0,41.0,6.0,22.957719533193035,10.904916778266692,5.356801224411709,1.7181387241459942,0.031093279839518557,0.07889546351084814,0.7131546918821665,0.1737166955006647,0.24921503268329948
299,Slovak Republic - Latvia,1996,4967.0,43.0,6.0,23.35413730622106,9.865109724179586,3.6239178578618882,1.5459230924099054,0.029294780894407357,0.08284023668639054,0.7254689461081435,0.11752070100431086,0.23878116617331308
300,Slovak Republic - Lithuania,1996,4867.0,42.0,6.0,23.628518594616807,9.862338196013972,3.903842202588864,1.573693582631327,0.028603050530903052,0.08086785009861934,0.733992279747671,0.12659841923931958,0.24251539990412824
301,Slovak Republic - Romania Free Trade Agreement,1994,4840.0,41.0,5.0,22.727272727272727,10.12396694214876,4.545454545454546,1.582754820936639,0.02841628333275689,0.07889546351084814,0.7059961315280463,0.1474053843152556,0.24017831567172673
302,Slovak Republic - Turkey,1997,4810.0,40.0,6.0,23.7006237006237,10.81081081081081,3.7422037422037424,1.6115431865431864,0.028208764223705596,0.07692307692307693,0.7362321404874596,0.12135661577721665,0.2406801493528647
303,Slovenia - Bosnia and Herzegovina,2001,4682.0,37.0,4.0,22.4263135412217,9.611277231952156,4.058094831268688,1.714929517300299,0.027323349358420086,0.07100591715976332,0.6966471865996527,0.1316007062020009,0.23164428982995927
304,Slovenia - Croatia,1997,4700.0,42.0,5.0,21.914893617021278,9.787234042553191,3.8297872340425534,1.3815520094562646,0.027447860823850864,0.08086785009861934,0.6807605251244907,0.1241968769975345,0.22831827826112383
305,Slovenia - Estonia,1996,5061.0,43.0,6.0,21.93242442205098,9.879470460383324,3.9517881841533296,1.4295527893038267,0.029945007436101404,0.08284023668639054,0.6813050990679665,0.12815326832387366,0.23056090287858302
306,Slovenia - Former Yugoslav Republic of Macedonia,1996,5063.0,42.0,5.0,21.923760616235434,9.28303377444203,3.160181710448351,1.7123247086707485,0.029958842043371497,0.08086785009861934,0.6810359680788027,0.1024821158976298,0.22358619402960583
307,Slovenia - Israel,1998,4876.0,41.0,6.0,23.995077932731746,10.869565217391305,5.332239540607055,1.6430396044116309,0.028665306263618445,0.07889546351084814,0.7453790166337946,0.17292018012372065,0.25646499163299546
308,Slovenia - Latvia,1996,3976.0,38.0,3.0,21.62977867203219,11.569416498993963,3.7726358148893357,1.109748071763917,0.022439732992079686,0.07297830374753453,0.6719037630035531,0.12234350307855718,0.22241632570543113
309,Slovenia - Lithuania,1996,4908.0,42.0,5.0,21.597392013039936,10.39119804400978,5.297473512632437,1.3231424884542244,0.028886659979939822,0.08086785009861934,0.6708977093412405,0.17179274618648369,0.23811124140157083
310,South Africa - Southern Rhodesia Customs Union,1948,732.0,1.0,1.0,2.73224043715847,1.366120218579235,0.0,1.0,0.0,0.0,0.08487385187768863,0.0,0.021218462969422158
311,Turkey - Estonia,1997,4283.0,37.0,5.0,21.013308428671493,10.27317300957273,4.202661685734299,1.4869717487742236,0.024563345208037907,0.07100591715976332,0.6527538362949017,0.1362888914051861,0.22115299751697226
312,Turkey - Latvia,1998,3646.0,38.0,6.0,21.941854086670325,9.873834339001645,3.8398244651673066,1.3875845675626257,0.020157022792515477,0.07297830374753453,0.6815980205646526,0.12452237621804366,0.22481393083068654
313,Turkey - Lithuania,1997,4249.0,38.0,6.0,22.828900917863027,8.943280771946341,4.2362908919745825,2.282089903506708,0.024328156884446443,0.07297830374753453,0.709153092342128,0.13737945914060065,0.23595975302867742
314,Turkey - Poland,1999,4989.0,42.0,6.0,21.64762477450391,11.02425335738625,5.211465223491682,1.3851178147480012,0.029446961574378306,0.08086785009861934,0.6724581312931002,0.16900356750516374,0.2379441276178154
315,Turkey - Slovenia,1998,4590.0,42.0,5.0,25.054466230936818,9.368191721132897,4.357298474945534,1.7682135076252725,0.026686957423996124,0.08086785009861934,0.7782876744078244,0.14130363638063714,0.25678652957776926
316,Yaoundé I,1963,5576.0,64.0,10.0,25.82496413199426,7.532281205164993,4.124820659971306,2.6524689143950266,0.03350741880814859,0.12426035502958581,0.802222290057694,0.1337645704152068,0.2734386585776588
317,Yaoundé II,1969,6392.0,67.0,9.0,25.657071339173967,7.665832290362954,4.2240300375469335,2.2813282227784732,0.03915193857434372,0.1301775147928994,0.797006896919021,0.1369818496296336,0.27582954997897446
318,First Convention of Lomé,1975,11502.0,95.0,12.0,23.90888541123283,7.998608937576074,1.9996522343940184,2.1193628098557675,0.07449936014941376,0.1854043392504931,0.7427015468170197,0.06484709134369616,0.2668630843901557
319,Second Convention of Lomé,1979,29036.0,192.0,30.0,20.870643339302934,7.4390411902465905,1.6875602700096433,2.4101693682937655,0.19578736208625877,0.37672583826429984,0.6483221122421762,0.05472620343430414,0.31889037900675976
320,Third Convention of Lomé,1984,45070.0,293.0,38.0,18.903927224317727,6.656312402928777,1.8193920568005324,2.08601588005959,0.3066994085705392,0.5759368836291914,0.5872283776064655,0.05900140077761727,0.3822165176459533
322,EU - San Marino,1991,3228.0,33.0,6.0,22.92441140024783,4.337050805452292,2.7881040892193307,2.8463961173068983,0.017265589873067477,0.0631163708086785,0.7121200137098261,0.09041594205210844,0.22072947911092014
323,India - Afghanistan,2003,1743.0,19.0,3.0,23.522662076878945,12.621916236374068,8.605851979345955,1.3243354369860394,0.006993393975028534,0.03550295857988166,0.7307039708987927,0.27908076204265253,0.26307027137408884
324,India - Nepal,2009,877.0,14.0,3.0,12.542759407069555,13.683010262257696,0.0,0.5319270239452679,0.0010030090270812435,0.025641025641025644,0.3896261432834372,0.0,0.10406754448788602
325,Guatemala - Chinese Taipei,2005,41052.0,227.0,23.0,16.759232193315796,7.7219136704667255,12.764298937932379,1.9346005753059612,0.2789056825649362,0.4457593688362919,0.5206059362178949,0.4139358059013608,0.41480169838012093
326,Panama - Chinese Taipei,2003,46137.0,235.0,23.0,16.407655460909897,7.629451416433665,9.970305828293993,1.9001572783060523,0.31408017154913015,0.46153846153846156,0.5096846164452861,0.3233288877192679,0.4021580343130364
327,ASEAN - Australia - New Zealand,2009,38068.0,214.0,20.0,18.38814752548072,9.010192287485552,18.860985604707366,1.7569019557316814,0.2582644485179677,0.4201183431952663,0.5712062848340819,0.6116463829578064,0.46530886487628054
328,ASEAN - India,2009,3605.0,26.0,3.0,16.36615811373093,7.766990291262136,2.496532593619972,1.667780859916782,0.01987341334347871,0.04930966469428008,0.5083955499158969,0.08096051621198502,0.16463478604141019
329,Chile - Malaysia,2010,16098.0,123.0,16.0,16.834389365138527,10.311839980121754,13.045098770033544,1.3094395784155382,0.10629128765607165,0.2406311637080868,0.5229406058106861,0.42304191547799774,0.3232262431632106
330,Iceland - China,2013,15881.0,131.0,14.0,18.827529752534474,8.878534097349034,12.719602040173793,1.6198771018177853,0.10479023276726732,0.2564102564102564,0.5848551795468155,0.41248632195516394,0.3396354976698758
331,EFTA - GCC,2009,13768.0,95.0,11.0,20.482277745496805,7.771644392794887,20.119116792562465,2.0603329195499445,0.09017397018642133,0.1854043392504931,0.6362579895409646,0.6524465514360601,0.3910707126034848
332,EU - Eastern and Southern Africa States Interim EPA,2009,14082.0,72.0,8.0,13.776452208493112,7.385314585996308,4.686834256497656,1.4840858213887613,0.09234600352782485,0.14003944773175542,0.4279493664765945,0.15199021305620727,0.2030812576980955
333,"Hong Kong, China - New Zealand",2010,29382.0,194.0,22.0,17.119324756653732,8.644748485467293,12.490640528214554,1.663929487117153,0.19818074914398368,0.3806706114398422,0.5317917903130733,0.4050612868291381,0.37892610943150934
334,New Zealand - Malaysia,2009,32158.0,204.0,20.0,17.35182536227377,8.147272840350768,14.833012003234032,1.709180092664762,0.2173831840348632,0.40039447731755423,0.5390141495514831,0.4810224836756925,0.40945357364489826
335,Peru - Singapore,2008,35092.0,213.0,20.0,16.100535734640374,9.346859683118659,11.170637182263764,1.4666319958965006,0.23767855290007955,0.4181459566074951,0.5001443015441478,0.36225465471753227,0.37955586644231365
336,China - Singapore,2008,20148.0,117.0,16.0,18.314472900536032,7.742703990470519,11.316259678379987,2.2711539370562597,0.13430636737799606,0.22879684418145957,0.5689176688251618,0.36697707351862313,0.32474948847581014
337,Turkey - Jordan,2009,5870.0,54.0,8.0,24.361158432708688,8.006814310051107,8.347529812606474,3.6447432465320033,0.03554110607685124,0.10453648915187377,0.7567508789735039,0.2707035848242684,0.2918830147566243
340,MERCOSUR - India,2004,1791.0,36.0,20.0,21.21719709659408,4.46677833612507,3.3500837520938025,0.8200446677833613,0.007325424549510601,0.06903353057199212,0.6590873991707948,0.10864048425244968,0.2110217096361868
341,El Salvador- Honduras - Chinese Taipei,2007,40694.0,209.0,20.0,16.21860716567553,7.961861699513442,13.146901263085468,1.8351660492862114,0.2764292878635908,0.41025641025641024,0.5038120523805589,0.4263432873127631,0.4042102594533308
342,US - Colombia,2006,75408.0,282.0,25.0,15.210587736049225,9.959155527265011,10.967006153193296,1.505602540457927,0.5165565662504755,0.5542406311637081,0.4724991083964227,0.3556510664958307,0.4747368430766093
343,"Korea, Republic of - Australia",2014,61353.0,307.0,25.0,17.293367887470865,8.948217691066452,11.197496454941078,1.9849032924072365,0.41933386365994535,0.6035502958579881,0.537198236504414,0.3631256790280463,0.4808020187625984
344,Turkey - Chile,2009,9349.0,68.0,8.0,18.611616215638037,11.872927585838058,22.24836880949834,1.264365403705665,0.059606405423166045,0.13214990138067062,0.5781480781879049,0.7214964580453626,0.37285021075927605
345,India - Malaysia,2011,32557.0,188.0,18.0,18.828516140922076,8.231716681512424,11.978990693245692,2.2346095815038747,0.2201431881852454,0.368836291913215,0.5848858205477921,0.3884688999062852,0.3905835501381344
346,Turkey - Albania,2006,4287.0,38.0,6.0,22.85980872404945,10.030324236062514,3.9654770235595986,1.8978112121918977,0.024591014422578078,0.07297830374753453,0.7101132071725998,0.12859718622324606,0.23406992789148962
347,Pakistan - Sri Lanka,2002,2086.0,19.0,3.0,20.613614573346116,11.505273250239693,8.149568552253116,1.2213167146053052,0.009366029121848304,0.03550295857988166,0.6403378144060707,0.26428386257864617,0.23737266617161173
348,India - Bhutan,2006,1561.0,13.0,3.0,19.85906470211403,8.968609865470851,1.2812299807815504,3.3546871663463596,0.005734444713450696,0.02366863905325444,0.6168986056401379,0.04154924349693303,0.171962733225944
349,EU - Bosnia and Herzegovina,2008,18415.0,134.0,17.0,21.449904968775456,6.842248167254955,4.289980993755091,2.439649698960044,0.12231868017846642,0.26232741617357,0.6663161969023864,0.13912058535971444,0.2975207196535343
350,Iceland - Faroe Islands,2005,2441.0,15.0,3.0,21.712412945514135,6.145022531749283,2.867677181482999,2.436706267922983,0.01182167191228859,0.027613412228796846,0.674470700009588,0.09299643254628988,0.20172555417424082
351,Brunei Darussalam - Japan,2007,24013.0,124.0,13.0,15.824761587473452,9.828009828009828,11.285553658435015,1.6232987555021452,0.16104174592743747,0.24260355029585798,0.49157770037683485,0.3659813023310514,0.31530107473279545
352,Canada - Jordan,2009,20796.0,106.0,18.0,14.570109636468551,8.607424504712444,12.165801115599153,1.251211332612804,0.13878878013350396,0.20710059171597633,0.45260340572859753,0.3945270095685288,0.29825494678665165
353,Ukraine - Azerbaijan,1995,1575.0,16.0,3.0,19.682539682539684,3.1746031746031744,3.1746031746031744,1.7177777777777778,0.005831286964341299,0.02958579881656805,0.6114150624788922,0.1029497922201785,0.18744548511999504
354,Ukraine - Belarus,1992,1843.0,18.0,3.0,17.362995116657622,3.798155181768855,4.883342376559956,1.4169831795984806,0.00768512433853284,0.03353057199211045,0.5393611249004282,0.15836281114715467,0.18473490809455653
355,Ukraine - Kazakhstan,1994,1630.0,15.0,3.0,18.404907975460123,4.294478527607362,3.6809815950920246,1.6804703476482616,0.0062117386642686675,0.027613412228796846,0.5717269285993996,0.11937123147002292,0.181230827740622
356,Ukraine - Former Yugoslav Republic of Macedonia,2001,4375.0,39.0,5.0,21.02857142857143,9.6,5.257142857142857,1.401121088435374,0.02519973714246187,0.07495069033530573,0.6532279635258358,0.17048485591661558,0.23096581173005473
357,Ukraine - Moldova,2003,2905.0,34.0,6.0,25.47332185886403,7.228915662650603,12.736660929432015,1.7046356855995408,0.015031300798948571,0.06508875739644972,0.7912989343391804,0.4130395278231258,0.3211146300894261
358,Ukraine - Tajikistan,2001,1844.0,16.0,3.0,16.268980477223426,4.8806941431670285,3.2537960954446854,1.6040310918293563,0.007692041642167883,0.02958579881656805,0.5053768403563021,0.10551795406515041,0.16204315872004713
359,Ukraine -Turkmenistan,1994,1315.0,15.0,3.0,22.0532319391635,4.562737642585551,2.2813688212927756,1.7041825095057035,0.004032788019230104,0.027613412228796846,0.6850578432165682,0.07398293053085071,0.19767174349886146
360,Ukraine - Uzbekistan,1994,1806.0,17.0,3.0,21.59468438538206,4.4296788482834994,5.537098560354374,2.0190107050572164,0.007429184104036247,0.03155818540433925,0.670813600056549,0.17956359108170666,0.2223411401616578
361,Common Economic Zone (CEZ),2003,1374.0,13.0,3.0,24.745269286754002,5.822416302765648,3.63901018922853,2.185589519650655,0.004440908933697644,0.02366863905325444,0.7686828331629966,0.11801013300347972,0.2287006285383571
362,Ukraine - Russian Federation,1993,1837.0,19.0,3.0,16.875340228633643,4.899292324442025,3.26619488296135,1.7994011976047903,0.007643620516722582,0.03550295857988166,0.5242126964639386,0.10592003663371657,0.16831982804856488
363,Pacific Island Countries Trade Agreement (PICTA),2001,8560.0,33.0,7.0,19.509345794392523,8.294392523364486,8.644859813084112,2.2788129880244368,0.05414865285511708,0.0631163708086785,0.6060349970172996,0.28034575428181785,0.25091144374072827
364,Agadir Agreement,2004,4235.0,36.0,8.0,19.36245572609209,8.028335301062574,4.014167650531287,1.328842412998257,0.02423131463355584,0.06903353057199212,0.6014720289381797,0.1301761835511348,0.2062282644237156
365,EFTA - Albania,2009,6356.0,45.0,10.0,20.295783511642544,9.597230962869729,18.250471994965388,1.5715333583450322,0.03890291564348217,0.08678500986193295,0.6304647644042152,0.59184792443759,0.3370001535868051
366,EFTA - Serbia,2009,6279.0,47.0,10.0,20.70393374741201,8.759356585443541,19.111323459149546,1.706913970459121,0.038370283263583854,0.09072978303747535,0.6431434738557772,0.6197646354392017,0.3480020438990095
367,EFTA - Ukraine,2010,12122.0,97.0,12.0,21.1186272892262,7.672001319914205,21.44860584062036,1.7793571899969358,0.07878808840314046,0.1893491124260355,0.6560254434525585,0.6955607971318775,0.404930860353403
368,EU - CARIFORUM States EPA,2008,48941.0,253.0,29.0,15.712797041335486,7.02887149833473,7.8053166057089145,1.9894023391625095,0.3334762909417909,0.49704142011834324,0.48809965277340017,0.2531200526726891,0.3929343541265558
369,Canada - Panama,2010,54847.0,245.0,26.0,10.994220285521541,8.58752529764618,11.194778201177822,1.0876085825896207,0.3743298862103552,0.4812623274161736,0.34152258759279674,0.3630375282751057,0.3900380823736078
370,GUAM,2002,3413.0,29.0,3.0,22.853794315851157,4.101963082332259,5.859947260474656,2.485682195526907,0.018545291045550444,0.055226824457593686,0.7099263766200572,0.19003331115942707,0.24343295082065708
371,EFTA - SACU,2006,6823.0,46.0,9.0,20.95852264399824,9.233475010992231,10.699105965117983,1.7412288966590594,0.04213329644104728,0.08875739644970415,0.6510519800050516,0.3469632818559291,0.28222648868793304
372,Japan - Philippines,2006,25803.0,167.0,18.0,18.524977715769484,9.223733674378948,9.495019958919505,1.765890533783802,0.17342371943416457,0.32741617357001973,0.5754567545749669,0.3079157545476214,0.3460531005316932
373,EU - Côte d'Ivoire,2008,13089.0,84.0,15.0,19.55840782336313,6.494002597601039,16.960806784322713,1.9329262303133492,0.08547712101822709,0.16370808678500987,0.6075590515342588,0.5500251333147744,0.35169234816306755
374,Chile - India,2006,2139.0,25.0,3.0,16.830294530154276,8.882655446470313,2.337540906965872,0.9255882811282531,0.009732646214505586,0.047337278106508875,0.5228134045537285,0.0758045454636658,0.16392196858460217
375,Turkey - Serbia,2009,4407.0,39.0,6.0,21.32970274563195,9.530292716133424,3.8574994327206715,1.7434195597912412,0.025421090858783246,0.07495069033530573,0.6625822555026094,0.1250955610027356,0.2220123994248585
376,Switzerland - China,2013,23231.0,176.0,18.0,21.178597563600363,10.41711506177091,12.999870862209978,1.8292597534903072,0.1556324144848338,0.34516765285996054,0.6578883498480113,0.42157521130840603,0.3950659071253029
377,Turkey - Georgia,2007,3882.0,38.0,7.0,25.244719216898506,9.5311695002576,6.955177743431221,1.7604499398935256,0.02178950645038564,0.07297830374753453,0.7841976607802514,0.22555074261530608,0.2761290533983694
378,Mauritius - Pakistan,2007,2601.0,27.0,3.0,22.683583237216457,10.765090349865437,7.304882737408689,1.2913494809688582,0.01292844049389548,0.05128205128205128,0.7046389686454473,0.23689139040283289,0.25143521270605673
379,Rep. of Korea - New Zealand,2015,51979.0,254.0,23.0,16.679813001404412,9.369168317974566,15.198445526077839,1.648547270751911,0.3544910593850517,0.4990138067061144,0.5181388719585199,0.4928731948285157,0.4661292332195504
380,"Peru - Korea, Republic of",2011,55220.0,309.0,27.0,16.02680188337559,8.946034045635638,9.362549800796813,1.546694544790796,0.3769100404662263,0.6074950690335306,0.4978538457389013,0.30361985534257824,0.44646970264530905
384,China - New Zealand,2008,32609.0,216.0,20.0,18.00116532245699,9.077248612346285,11.622558189456898,1.7438767634994137,0.22050288797426762,0.4240631163708087,0.5591851355486639,0.3769100844615293,0.3951653060888174
385,Peru - China,2009,32100.0,203.0,19.0,15.233644859813085,8.317757009345794,11.713395638629283,1.6055100627997825,0.21698198042403072,0.3984220907297831,0.4732153509644064,0.3798558688647334,0.36711882274573837
386,Nicaragua - Chinese Taipei,2006,53001.0,277.0,26.0,16.22610894134073,9.113035603101828,11.471481670157166,1.500490646627512,0.3615605437000657,0.5443786982248521,0.5040450862629248,0.37201079613608395,0.44549878108098157
387,Canada - Peru,2008,58802.0,283.0,25.0,14.200197272201626,9.336417128669092,11.68327607904493,1.3591680914688637,0.4016878220869505,0.5562130177514794,0.44111251100881643,0.37887911610842706,0.4444731167389184
388,EU - Central America,2012,67338.0,365.0,44.0,16.083043749443107,8.048947102676053,8.108348926312038,1.7069965806878844,0.4607339259156781,0.717948717948718,0.499600933493339,0.2629471437219475,0.4853076802699206
389,China - Costa Rica,2010,27267.0,170.0,18.0,15.880001466974731,9.351963912421608,11.002310485201892,1.5464524970878806,0.1835506519558676,0.3333333333333333,0.4932936625911299,0.3567959571939292,0.341743401268565
390,Costa Rica - Singapore,2010,35984.0,206.0,21.0,14.867718986216095,8.642730102267674,11.421742996887506,1.4907703853829215,0.24384878774253796,0.40433925049309666,0.46184829191224464,0.370397811521382,0.3701085354173153
391,EU - Cameroon,2009,17378.0,109.0,22.0,18.414086776383932,8.113706985844171,14.443549315226148,2.0179907939402706,0.11514543630892678,0.21301775147928995,0.5720120573089477,0.46839252629119654,0.3421419428470902
392,EU - Ukraine,2014,79260.0,489.0,51.0,18.69795609386828,6.522836235175372,7.59525611910169,2.5894360708578157,0.5432020198526615,0.9625246548323472,0.5808301254690997,0.24630796238597588,0.5832161906350211
393,Chile - Viet Nam,2011,15924.0,115.0,16.0,16.767143933685002,10.173323285606632,12.873649836724441,1.4162071426577831,0.10508767682357417,0.22485207100591717,0.5208517051740447,0.41748196637892654,0.31706835484561563
394,"EFTA - Hong Kong, China",2011,13157.0,89.0,13.0,20.141369613133694,8.66458919206506,23.10557117884016,2.0499157539782304,0.08594749766541002,0.17357001972386588,0.625668077344153,0.7492948318768939,0.4086201066525807
395,EU - Colombia and Peru,2012,62643.0,339.0,34.0,16.12311032357965,8.301007295308334,9.338633207221877,1.6185227443476569,0.4282571853491509,0.6666666666666667,0.5008455547324742,0.3028442597157447,0.4746534166160091
396,Canada - Ukraine,2016,38595.0,216.0,21.0,16.0124368441508,10.182666148464827,11.452260655525327,1.358817324878343,0.2619098675336354,0.4240631163708087,0.4974076126055354,0.3713874743053622,0.38869201770383544
397,"Korea, Republic of -  Colombia",2013,55285.0,276.0,24.0,15.501492267341956,9.2430134756263,9.279189653613095,1.5157479052857545,0.3773596652025041,0.5424063116370809,0.48153571724083516,0.3009165537454959,0.425554561956479
398,China - Rep. of Korea,2015,48403.0,307.0,23.0,17.891453009111004,9.792781439166994,8.511869099022787,1.593027652424797,0.3297547815861377,0.6035502958579881,0.5557770509213205,0.27603297387217246,0.4412787755594047
399,"Korea, Republic of - Turkey",2012,10587.0,64.0,10.0,18.607726456975534,10.767922924341173,26.06970813261547,1.8468397900389966,0.06817002732334936,0.12426035502958581,0.5780272473868995,0.84541937618044,0.4039692514800687
400,Turkey - Montenegro,2008,4538.0,38.0,6.0,21.37505509034817,9.034817100044073,3.74614367562803,1.7838034376377259,0.02632725763497389,0.07297830374753453,0.663991073019326,0.12148438460534505,0.22119525475179488
401,Rep. of Korea - Viet Nam,2015,38261.0,199.0,18.0,17.615849036878284,9.069287263793418,14.270405896343535,1.7603249777964238,0.259599488119531,0.3905325443786982,0.5472157360391977,0.46277762640674575,0.41503134873604314
402,EU - Serbia,2008,19931.0,140.0,18.0,21.27339320656264,6.271637148161156,4.264713260749586,2.419934249350736,0.1328053124891917,0.27416173570019725,0.6608330655655629,0.13830117338293507,0.3015253217844717
403,The Cross-Straits Economic Cooperation Framework Agreement (ECFA),2010,2004.0,18.0,7.0,15.968063872255488,4.990019960079841,13.47305389221557,1.932385229540918,0.008798810223774772,0.03353057199211045,0.49602921815942574,0.4369201511140809,0.24381968787234795
404,"Korea, Republic of - India",2009,36287.0,199.0,17.0,15.019152864662276,7.936726651417863,7.578471628958029,1.526480891812829,0.245944730743956,0.3905325443786982,0.4665524081363175,0.24576365505754025,0.33719833457912796
405,EFTA - Bosnia and Herzegovina,2013,8115.0,56.0,11.0,18.97720271102896,11.090573012939002,18.607516943930992,1.433571135170026,0.05107045273752292,0.10848126232741619,0.5895045948532399,0.6034266009800111,0.33812072772454754
408,"Hong Kong, China - Chile",2012,26688.0,172.0,21.0,16.336930455635493,9.554856115107913,11.615707434052759,1.48120748936565,0.17954553315117766,0.33727810650887574,0.5074876269197408,0.376687920050226,0.35024979665750505
409,Southern Common Market (MERCOSUR) - Southern African Customs Union (SACU),2008,16117.0,43.0,20.0,17.68319166097909,7.445554383570143,6.328721226034622,1.9756069456385892,0.10642271642513748,0.08284023668639054,0.5493076558516908,0.20523526860050476,0.23595146939093092
411,EU - Papua New Guinea / Fiji,2009,14248.0,84.0,14.0,18.17798989331836,8.28186412128018,20.423919146546883,1.6796859010818863,0.093494275931242,0.16370808678500987,0.5646779839201023,0.662331043224499,0.3710528474652133
412,Japan - Peru,2011,36065.0,227.0,18.0,18.106197144045474,9.233328712047692,8.373769582697907,1.6277109781941337,0.24440908933697644,0.4457593688362919,0.5624478261767317,0.27155451917109613,0.3810427008802741
413,Treaty on a Free Trade Area between members of the Commonwealth of Independent States (CIS),2011,5113.0,27.0,3.0,20.731468805006845,3.3248582045765693,5.867396831605711,3.2657930764717387,0.030304707225123646,0.05128205128205128,0.6439988181980849,0.1902748946764496,0.22896511784542734
415,EFTA - Montenegro,2011,7261.0,54.0,11.0,19.418812835697562,10.880044071064592,17.766147913510537,1.3955758422360818,0.04516307543319614,0.10453648915187377,0.6032226965982647,0.5761416894183933,0.33226598765043197
416,EFTA - Central America (Costa Rica and Panama),2013,20341.0,138.0,15.0,19.86136374809498,9.439063959490683,16.469200137653015,1.7331977917531727,0.13564140697955937,0.2702169625246548,0.6169700228131632,0.5340827306442326,0.3892277807404025
418,Turkey - Mauritius,2011,5283.0,38.0,7.0,21.010789324247586,10.221465076660989,7.76074200265001,1.37363218048908,0.031480648843080966,0.07297830374753453,0.6526755832638611,0.25167453464387757,0.2522022676245885
419,Turkey - Malaysia,2014,23704.0,166.0,16.0,17.338845764427944,10.462369220384746,15.820114748565643,1.3638744247839758,0.15890429910420917,0.3254437869822485,0.5386109535332936,0.5130334207732276,0.38399811509824466
420,Russian Federation - Belarus,1992,1990.0,22.0,3.0,15.075376884422111,7.035175879396985,5.025125628140704,1.5982412060301507,0.00870196797288417,0.04142011834319526,0.4682989415160911,0.1629607263786745,0.17034543855271125
421,Russian Federation - Republic of Moldova,1993,1997.0,23.0,3.0,16.024036054081122,6.5097646469704555,4.506760140210315,1.644566850275413,0.00875038909832947,0.04339250493096647,0.4977679284884774,0.14615055630656285,0.17401534470608404
422,Russian Federation - Azerbaijan,1992,1903.0,23.0,3.0,16.815554387808724,5.254860746190226,4.203888596952181,1.922543352601156,0.008100162556635423,0.04339250493096647,0.5223555192808667,0.1363286791354965,0.17754421647599128
423,Russian Federation - Kazakhstan,1992,2217.0,25.0,3.0,14.433919711321606,8.119079837618404,4.961659900766802,1.522793564877462,0.010272195898038945,0.047337278106508875,0.4483728250750966,0.1609025845931071,0.1667212209181879
424,Russian Federation - Tajikistan,1992,1785.0,21.0,3.0,17.366946778711483,6.162464985994398,5.042016806722689,1.7969187675070029,0.007283920727700342,0.03944773175542406,0.539483878657846,0.16350849352616584,0.18743100616678404
425,Japan - Mongolia,2015,31573.0,203.0,18.0,17.895036898615906,8.266556868210179,10.388623190700915,1.8075973971129642,0.21333656140836302,0.3984220907297831,0.5558883802548771,0.3368945786649619,0.37613540276449625
426,East African Community (EAC) - Accession of Burundi and Rwanda,2007,1142.0,14.0,3.0,13.134851138353765,1.7513134851138354,0.0,1.1760070052539404,0.0028360944903676553,0.025641025641025644,0.4080187800424786,0.0,0.10912397504346798
427,EU - Georgia,2014,67182.0,433.0,51.0,18.546634515197525,7.2489654967104284,9.36262689410854,2.347854544329046,0.45965482654861134,0.8520710059171598,0.5761294977061359,0.3036223554158118,0.5478694213969296
428,EU - Rep. of  Moldova,2014,70462.0,464.0,51.0,18.662541511736823,6.712838125514462,8.898413329170333,2.2246616594545268,0.48234358247155257,0.9132149901380671,0.5797300129177821,0.2885682880481161,0.5659642183938794
429,Russian Federation - Belarus - Kazakhstan,1995,2293.0,10.0,3.0,16.136066288704754,2.6166593981683386,6.105538595726123,3.224029655473179,0.010797910974302216,0.01775147928994083,0.5012480166278498,0.1979976378940197,0.18194876119652814
430,Russian Federation - Serbia,2000,2348.0,23.0,3.0,11.925042589437819,5.5366269165247015,5.1107325383304945,1.1175894378194207,0.011178362674229586,0.04339250493096647,0.3704374932038131,0.1657368886679194,0.14768631236923213
431,Russian Federation - Uzbekistan,1992,1483.0,20.0,3.0,16.857720836142953,7.4173971679029,4.720161834120027,1.6567768037761295,0.005194895029917337,0.03747534516765286,0.5236653706546534,0.15307099922150613,0.1798516525184324
432,Russian Federation - Turkmenistan,1992,1712.0,21.0,3.0,18.10747663551402,6.425233644859813,4.672897196261682,2.0340732087227416,0.006778957562342199,0.03944773175542406,0.5624875720819248,0.15153824555773937,0.1900631267393576
434,Ukraine - Montenegro,2011,7556.0,62.0,8.0,21.572260455267337,8.99947061937533,30.836421386977236,1.619445127177393,0.04720368000553385,0.1203155818540434,0.6701170269083044,1.0,0.4594090721919704
435,India - Thailand,2003,2268.0,16.0,3.0,16.75485008818342,7.054673721340388,2.6455026455026456,2.666938565549677,0.010624978383426142,0.02958579881656805,0.5204698112499531,0.08579149351681542,0.16161802049169066
436,New Zealand - Chinese Taipei,2013,40400.0,257.0,27.0,17.599009900990097,9.504950495049505,12.623762376237623,1.7096235364607892,0.2743956005948881,0.504930966469428,0.5466926479882029,0.4093783198062296,0.4338493837146871
439,Singapore - Chinese Taipei,2013,27567.0,156.0,19.0,15.199332535277687,7.545253382667682,11.354155330648965,2.010976647947482,0.18562584304638052,0.3057199211045365,0.4721494787554345,0.36820599861967207,0.33292531038150586
440,Eurasian Economic Union (EAEU),2014,27883.0,120.0,30.0,14.955349137467273,2.940860022235771,3.4788222214252413,2.932240074597425,0.18781171099505412,0.23471400394477318,0.46457042001494075,0.11281536783300054,0.24997787569694213
441,Eurasian Economic Union (EAEU) - Accession of Armenia,2014,946.0,8.0,3.0,10.570824524312897,7.399577167019028,1.0570824524312896,0.7135306553911205,0.001480302977899215,0.013806706114398423,0.3283702937339751,0.03428032193378037,0.09448440619001328
442,Canada - Honduras,2013,53460.0,244.0,25.0,10.811821922933033,8.941264496820052,13.430602319491209,0.9593465013288244,0.3647355860685505,0.47928994082840237,0.3358565959038772,0.43554348122779224,0.4038564010071556
443,Gulf Cooperation Council (GCC) - Singapore,2008,18938.0,130.0,11.0,17.21406695532791,8.659837364029993,12.197697750554441,1.4317706316518228,0.12593642997959395,0.25443786982248523,0.5347348458463563,0.3955613914299973,0.3276676342696082
444,Eurasian Economic Union (EAEU) - Accession of the Kyrgyz Republic,2014,1823.0,13.0,3.0,8.228195282501371,13.713658804168952,2.1941854086670323,0.49111659657463275,0.0075467782658319785,0.02366863905325444,0.2555992577117447,0.07115564355316781,0.08949257964599974
445,"Turkey - Moldova, Republic of",2014,3941.0,37.0,8.0,20.045673686881504,9.895965490992134,8.119766556711495,1.3756914488708452,0.02219762736485318,0.07100591715976332,0.6226953953797233,0.2633174081652878,0.2448040870174069
446,EFTA - Philippines,2016,14549.0,119.0,16.0,22.544504776960615,10.103787201869544,21.37603959034985,1.8321915977424947,0.09557638432538997,0.23274161735700197,0.7003186590289893,0.6932075328098004,0.4304610483802954
447,Eurasian Economic Union (EAEU) - Viet Nam,2015,32807.0,217.0,22.0,19.35562532386381,7.925137927881245,11.186636998201603,1.9849964214162406,0.22187251409400616,0.4260355029585799,0.6012598504859821,0.36277351570133615,0.402985345809976
448,EU - Ghana,2016,12829.0,84.0,15.0,16.68095720632941,7.327149427079274,19.097357549302362,1.8314052704252641,0.0836786220731159,0.16370808678500987,0.5181744153455519,0.6193117323713677,0.3462182141437613
449,Trans-Pacific Partnership,2016,145297.0,508.0,31.0,14.811042210093808,9.697378473058631,9.573494291003943,1.8121474629824421,1.0,1.0,0.4600876941858927,0.3104606131451751,0.6926370768327669
